[Header],
FileFormatVersion,2
RunName,HM_071125_Tn5 HOKO Haploid
InstrumentPlatform,NextSeq1k2k
IndexOrientation,Forward
AnalysisLocation,Cloud

[Reads]
Read1Cycles,100
Read2Cycles,100
Index1Cycles,10
Index2Cycles,10

[Sequencing_Settings]
LibraryPrepKits,NexteraXT

[BCLConvert_Settings]
SoftwareVersion,4.3.13
AdapterRead1,CTGTCTCTTATACACATCT
AdapterRead2,CTGTCTCTTATACACATCT
OverrideCycles,Y100;I10;I10;Y100
FastqCompressionFormat,gzip
NoLaneSplitting,true

[BCLConvert_Data]
Sample_ID,Index,Index2
x_kan_1_1,GAACTGAGCG,TCGTGGAGCG
x_kan_1_2,GACTGAGTAG,GTTGATAGTG
x_kan_1_3,GAGAATGGTT,TCGGCAGCAA
x_kan_1_4,AACCATAGAA,GGCGAGATGG
x_kan_1_5,TGATTATACG,GTCGATTACA
x_kan_1_6,ACTCGGCAAT,GACAACTGAA
x_kan_1_7,AGTGTTGCAC,CTGGTACACG
x_kan_1_8,TCTATCCTAA,CGTCGACTGG
x_kan_1_9,TAATGTGTCT,GTAAGGCATA
x_kan_1_10,TCTCATGATA,AACACGTGGA
x_kan_1_11,TGTCGCTGGT,TCGTCTGACT
x_kan_1_12,GTCCGTAAGC,CGTGTATCTT
x_kan_1_13,AGGTCAGATA,CTACAAGATA
x_kan_1_14,AGTCAGACGA,ACCAGCGACA
x_kan_1_15,AGAGGCAACC,CTAATGATGG
x_kan_1_16,GGTTGCGAGG,AATAGAGCAA
x_kan_1_17,CAGCCGCGTA,ACTAGCCGTG
x_kan_1_18,GTCTAATGGC,AGTGGTCAGG
x_kan_1_19,GACACCATGT,TCAACGTGTA
x_kan_1_20,CTCGCTTCGG,TACTAGTCAA
x_kan_1_21,ATACCAACGC,AATTGCTGCG
x_kan_1_22,CGAGGCCAAG,GTGTTACCGG
x_kan_1_23,ACCGTTACAA,CTCATAGCGA
x_kan_1_24,ACTTCAAGCG,GAACCATGAA
x_kan_1_25,CGACATCCGA,TACGTTCATT
x_kan_1_26,CCGTATGTTC,CATACACTGT
x_kan_1_27,CCATCATTAG,GGTTGCCTCT
x_kan_1_28,TAAGCATCCA,TCAATCCATT
x_kan_1_29,GGTAACTCGC,AAGTTGGTGA
x_kan_1_30,CCATCTCGCC,TTCTATGGTT
x_kan_1_31,CCTGTCTGTC,ACTGTTGTGA
x_kan_1_32,CTGTTGGTCC,ATAGACCGTT
x_kan_1_33,AGGATGTGCT,TTACAATTCC
x_kan_1_34,TTCACGAGAC,AGATTGTTAC
x_kan_1_35,TATGCCTTAC,AGACACATTA
x_kan_1_36,TCAGAAGGCG,GGCCATCATA
x_kan_1_37,ATTCCATAAG,TGCCTGGTGG
x_kan_1_38,GAGTCATAGG,GTGTGGCGCT
x_kan_1_39,GATAGGCCGA,CGCACATGGC
x_kan_1_40,ACCACGACAT,TCGTATGCGG
x_kan_1_41,ACCGGCCGTA,TGGCAATATT
x_kan_1_42,CTGCGAGCCA,AATCCGGCCA
x_kan_1_43,TGATGTAAGA,GTGCGTCCTT
x_kan_1_44,TTACCTGGAA,ACAGTTCCAG
x_kan_1_45,CACGGAACAA,AACCTAGCAC
x_kan_1_46,GCGTGGATGG,TTGACCAATG
x_kan_1_47,ACTGGATCTA,TCGCCGCTAG
x_kan_1_48,GCGTTGGTAT,ACATACTTCC
x_kan_1_49,CACAATAGGA,TCCATCCGAG
x_kan_1_50,CTTGCCATTA,ATCACGAAGG
x_kan_1_51,ATGGTTGACT,GGCCTGTCCT
x_kan_1_52,GCCGCACTCT,TCCGACCTCG
x_kan_1_53,TGTAATCGAC,GATCACCGCG
x_kan_1_54,CGTTATTCTA,CCATAAGGTT
x_kan_1_55,TAGTTCGGTA,CCATGTGTAG
x_kan_1_56,TGGCTAATCA,AGGCATGTAG
x_kan_1_57,CCAAGGCCTT,TCGAAGTACT
x_kan_1_58,TCTGGTATCC,CGTTGCTTAC
x_kan_1_59,TGGTACCTAA,CATGAGTACT
x_kan_1_60,ACATATCCAG,TATGTGCAAT
x_kan_1_61,AACATCGCGC,GTCCACTTGT
x_kan_1_62,GAAGCGGCAC,CGGCTCTACT
x_kan_1_63,TATTGCGCTC,CTGTGTTAGG
x_kan_1_64,CCACCAGGCA,CTTATGGAAT
x_kan_1_65,GTGCAGACAG,TACCATCCGT
x_kan_1_66,GCAACATGGA,CTTGTCTTAA
x_kan_1_67,CTATTACTAC,GAGTCTCTCC
x_kan_1_68,AACACTGTTA,GCAAGTCTCA
x_kan_1_69,TTACTCCACA,GACACCGATG
x_kan_1_70,CATTAGTGCG,TGACTACATA
x_kan_1_71,TTGGAATTCC,ACGTCAATAC
x_kan_1_72,TCATAGATTG,GATTAAGGTG
x_kan_1_73,CTAGTGCTCT,TGGAACAGTA
x_kan_1_74,TCCATTGCCG,GAATGCACGA
x_kan_1_75,ACGCCTTGTT,TAAGGAACGT
x_kan_1_76,GTGACACGCA,GCTTACGGAC
x_kan_1_77,CAATCGGCTG,GCTGTAGGAA
x_kan_1_78,GTCCTGGATA,CGGTGGCGAA
x_kan_1_79,TAGCATAACC,GCTATGCGCA
x_kan_1_80,ATTGCGCGGT,TTGGCTCCGC
x_kan_1_81,AGTAGAAGTG,CTAGCGTCGA
x_kan_1_82,ACGGTCAGGA,CGGCCTCGTT
x_kan_1_83,CCTCTACATG,GATACCTCCT
x_kan_1_84,GTATTCCACC,ATGTAGACAA
x_kan_1_85,GATCAAGGCA,CCTTGTTAAT
x_kan_1_86,CGGTTACGGC,AAGACTATAG
x_kan_1_87,TTCTACATAC,CTAACTGTAA
x_kan_1_88,ACAGTGTATG,GAACATACGG
x_kan_1_89,TATGTAGTCA,CGCACTAATG
x_kan_1_90,CAGTGGCACT,TAACAATAGG
x_kan_1_91,ACTCTATTGT,ATCGCATATG
x_kan_1_92,TGGCGCGAAC,AACTGATACT
x_kan_1_93,TACGAGTCCA,TAGCGAAGCA
x_kan_1_94,GGCAAGCCAG,CAAGCATCCG
x_kan_1_95,GGAGCGTGTA,ATCCGTAAGT
x_kan_1_96,CCTCCGTCCA,CACATCGGTG
a_hyg_1_1,TGCCGGTCAG,CCTGATACAA
a_hyg_1_2,CAGCAATCGT,TGTGATGTAT
a_hyg_1_3,GAATTACAAG,ACCGGCTCAG
a_hyg_1_4,AGAGAACCTA,GGTTATGCTA
a_hyg_1_5,TCTAGGCGCG,CGAAGGTTAA
a_hyg_1_6,CCGGTTCCTA,TATATTCGAG
a_hyg_1_7,GTGCTAGGTT,TGAATATTGC
a_hyg_1_8,CCACGCTGAA,TATTCCTCAG
a_hyg_1_9,AATTCCATCT,CTTCAGTTAC
a_hyg_1_10,ATGTTGTTGG,CAATCTATGA
a_hyg_1_11,CTCGAATATA,GAGATGTCGA
a_hyg_1_12,ACGGTCCAAC,TCTTACATCA
a_hyg_1_13,CACTCAATTC,TTAAGTTGTG
a_hyg_1_14,TTCTGTAGAA,GAGCGCAATA
a_hyg_1_15,TAGAATTGGA,GTTAATCTGA
a_hyg_1_16,GATATTGTGT,ACCACACGGT
a_hyg_1_17,ATAGCCAAGA,AGTGCCACTG
a_hyg_1_18,GGCCAATATT,CGGTCCGATA
a_hyg_1_19,ACAGCGACCA,CAGGAGCTCT
a_hyg_1_20,GTTCGGAGTT,CGCCTTCTGA
a_hyg_1_21,TTAACGGTGT,TCCTGACCGT
a_hyg_1_22,GCACCACCAA,TGGTACTGAT
a_hyg_1_23,GATCGTCGCG,CTGGATATGT
a_hyg_1_24,GTAACTTGGT,CGCCATACCT
a_hyg_1_25,TCTCACACGC,CGGACAGTGA
a_hyg_1_26,GAACGCAATA,ATCTTACTGT
a_hyg_1_27,AGGCAGCTCT,CGGCTAACGT
a_hyg_1_28,CGTACAGGAA,TAGGTTCTCT
a_hyg_1_29,TTCGGTGTGA,GAACAAGTAT
a_hyg_1_30,GAATACCTAT,ACAATAGAGT
a_hyg_1_31,TCCACACAGA,TTGTCGGATG
a_hyg_1_32,ATGTCGTATT,TTCTTGCTGG
a_hyg_1_33,ACTTGTTATC,CGCGCCTAGA
a_hyg_1_34,AGGCGTTCGC,TTCATCCAAC
a_hyg_1_35,CCGACCTGTC,TGCTCATAAC
a_hyg_1_36,AGCGCCACAC,CTAATGTCTT
a_hyg_1_37,TCAATGGAGA,GCACTACAAC
a_hyg_1_38,AGTACTCATG,ATGTCGTGGT
a_hyg_1_39,ATCGGCGAAG,TCCAAGAATT
a_hyg_1_40,CTGCGTTACC,TATGGCTCGA
a_hyg_1_41,ATGTAACGTT,ACGATTGCTG
a_hyg_1_42,TACGTGAAGG,CGGTTATTAG
a_hyg_1_43,AAGTGTTAGG,GCTAGTTCCG
a_hyg_1_44,GCAATATTCA,GGCGCCAATT
a_hyg_1_45,CGTGTACCAG,AGGATAAGTT
a_hyg_1_46,CCTCCGGTTG,CATAACACCA
a_hyg_1_47,CGCTGTCTCA,ATTACTCACC
a_hyg_1_48,TGCTACTGCC,CAACCGGAGG
a_hyg_1_49,ATATGCATGT,TGGTGCCTGG
a_hyg_1_50,GGTAGAATTA,GTAGCCATCA
a_hyg_1_51,CCGTGACCGA,CCGAACGTTG
a_hyg_1_52,AGGCCGTGGA,CTCGTGCGTT
a_hyg_1_53,AACGAGGCCG,ATACCTGGAT
a_hyg_1_54,CTTATTGGCC,GATAACAAGT
a_hyg_1_55,GATTCTGAAT,AGCGGTGGAC
a_hyg_1_56,CTAGATTGCG,AGATATGGCG
a_hyg_1_57,TTAACCTTCG,AGGCCAGACA
a_hyg_1_58,GTCCACCGCT,TCCTATTAGC
a_hyg_1_59,AATGCGAACA,AATTGGCGGA
a_hyg_1_60,CAACACCGCA,GGCAGTAGCA
a_hyg_1_61,CTAGCTTCAA,TGTGTAAGCT
a_hyg_1_62,TAATTAGCGT,TGGTTAAGAA
a_hyg_1_63,ATACTTGTTC,TAACCGCCGA
a_hyg_1_64,AGGAGGTATC,CCAGTTGGCA
a_hyg_1_65,TGGTGTTATG,TCCAATTCTA
a_hyg_1_66,ACAACTACTG,AGTTATCACA
a_hyg_1_67,TAGAGAATAC,TATAGATTCG
a_hyg_1_68,CGATGCGGTT,CCTGCTTGGT
a_hyg_1_69,CATATGCGAT,CCTTGAACGG
a_hyg_1_70,ATTGTTCGTC,TCTCTAGATT
a_hyg_1_71,AATTCTTGGA,TTGTCAACTT
a_hyg_1_72,CACCTTAATC,TTAGGATAGA
a_hyg_1_73,TCCGTTATGT,TTGTAGTGTA
a_hyg_1_74,ATTAACAAGG,TGTTGTTCGT
a_hyg_1_75,TCCGCCAATT,CTCCGTGCTG
a_hyg_1_76,GCTGACGTTG,TGTTCGCATT
a_hyg_1_77,TGGCCTCTGT,TGAGACAGCG
a_hyg_1_78,GTTGGATGAA,TTCCAGGTAA
a_hyg_1_79,TTGTATCAGG,ACAGAGGCCA
a_hyg_1_80,TCCGGACTAG,GACGAACAAT
a_hyg_1_81,AGCCTATGAT,CACCACCTAC
a_hyg_1_82,GGACCAGTGG,CGCGAGCCTA
a_hyg_1_83,TTCCTACAGC,GGCGAATTCT
a_hyg_1_84,TTGAATGTTG,CGCAATCTAG
a_hyg_1_85,GGTCTATTAA,CCACGACACG
a_hyg_1_86,TGATGGCTAC,CCAACAACAT
a_hyg_1_87,AGGACAGGCC,CATTCCAGCT
a_hyg_1_88,CTAATAACCG,AACCGCATCG
a_hyg_1_89,CCAGGCACCA,ACGCTAATTA
a_hyg_1_90,AATCCAATTG,CATGTAGAGG
a_hyg_1_91,CACAGCGGTC,ATTCCTATTG
a_hyg_1_92,GTGACGGAGC,TGGCGGTCCA
a_hyg_1_93,TATGACAATC,TTGCTTGTAT
a_hyg_1_94,CCTTCTAACA,GATAAGCTCT
a_hyg_1_95,ATCCAGGTAT,CAACGTCAGC
a_hyg_1_96,CCGGTAACAC,GAGTTGTACT
x_hyg_1_1,ATCGTTACGG,GCTCCGGAAG
x_hyg_1_2,AACCGAGTTC,GATCTCTGGA
x_hyg_1_3,GCTAGACTAT,AATACGACAT
x_hyg_1_4,CACTATCAAC,TCAGTTAATG
x_hyg_1_5,TAGTGGAAGC,AGTACCTATA
x_hyg_1_6,TACAAGACTT,CAGGTGTTCA
x_hyg_1_7,TGAACGCGGA,CTTCGAAGGA
x_hyg_1_8,ATGTCCAGCA,CAGCGGACAA
x_hyg_1_9,GTAACAATCT,CTCTGTATAC
x_hyg_1_10,CTAACCGAGA,TCGATGCGCG
x_hyg_1_11,CCAATGATAC,GAGTGTGCCG
x_hyg_1_12,TATCACTCTG,AACGTTACAT
x_hyg_1_13,TCCTACGTCA,TACTTAAGTG
x_hyg_1_14,TGTGATAACT,CAGGCGCCAT
x_hyg_1_15,AGCTACTATA,GTTATATGGC
x_hyg_1_16,CATCTACGTA,TGTAATTGAG
x_hyg_1_17,CGCCATATCT,GACCGGAGAT
x_hyg_1_18,CTGTGGTGAC,GACAGACAGG
x_hyg_1_19,AAGAGAGTCT,TACGAATCTT
x_hyg_1_20,CAACGTTCGG,GGATCCGCAT
x_hyg_1_21,CCATGGTATA,TCTCGCGGAG
x_hyg_1_22,AGTGTCTAGG,CCTAGAAGCA
x_hyg_1_23,GAGGCCTATT,CTAGTCCGGA
x_hyg_1_24,AGAATTCGCC,CGGCAAGCTC
x_hyg_1_25,GTTATATCGC,AAGACAAGGA
x_hyg_1_26,AGTATGCTAC,TTAATAGACC
x_hyg_1_27,CCACCGGAGT,GCCTGCCATG
x_hyg_1_28,TTACAGTTAG,ACATGCATAT
x_hyg_1_29,GCAGCCTCAA,TAAGTGCTAG
x_hyg_1_30,CTCCACTAAT,TGTACTTGTT
x_hyg_1_31,TTCATGGTTC,GACATTGTCA
x_hyg_1_32,GCGTATTAAT,TGCGGTGTTG
x_hyg_1_33,TCATACCGTT,GGTAACGCAG
x_hyg_1_34,GAGGAGCTTC,GACGTATACA
x_hyg_1_35,AGCTAAGCGG,ATTAATACGC
x_hyg_1_36,CCTGACCACT,TCTTGGCTAT
x_hyg_1_37,GTTGGCCATC,TGACATTCGT
x_hyg_1_38,GTAACTGAAG,GGAGTCGCGA
x_hyg_1_39,CTTACCGCAC,TAAGACCTAT
x_hyg_1_40,CTAAGTACGC,AACATACCTA
x_hyg_1_41,ACTAGCGCTA,TTACTTCCTC
x_hyg_1_42,ATAGTTAGCA,CTCTAAGTAG
x_hyg_1_43,CTCTCGGCTA,TACCAGATCT
x_hyg_1_44,CCGAATCTGG,ATGAATCAAG
x_hyg_1_45,GGCGCCATTG,ACCGCGCAAT
x_hyg_1_46,TCATCTACTA,TAGGCGACTT
x_hyg_1_47,CTTCCTAGGA,CCTAGAGTAT
x_hyg_1_48,AGCTGGAATG,ACGGAATGCG
x_hyg_1_49,TCCTGGTTGT,CTGACCGGCA
x_hyg_1_50,TCCTCGGACT,AACGCCAGAG
x_hyg_1_51,TTAGGATATC,TATACCATGG
x_hyg_1_52,CTAGAGCGCA,GCTTCTAGCA
x_hyg_1_53,GCTCTTAACT,CACGTCCACC
x_hyg_1_54,ATAGGTCTTA,GTCACCACAG
x_hyg_1_55,CACTAGACCA,ACTGCCTTAT
x_hyg_1_56,TCTCAATACC,GACGTTCGCG
x_hyg_1_57,AGCGAATTAG,AGCCGGAACA
x_hyg_1_58,GTAGGCGAGC,TAGGAGCGCA
x_hyg_1_59,CGATCTGTGA,TAGGAAGACT
x_hyg_1_60,CCTTGGCATC,GACCGATTCG
x_hyg_1_61,TAATTCTGCT,TCTCATCAAT
x_hyg_1_62,CTGGAACTGT,CGTAATTAAC
x_hyg_1_63,TTATACGCGA,GCCGTCTGTT
x_hyg_1_64,TCGATCACGC,CATAGAGCCT
x_hyg_1_65,GTGGTATCTG,GCTACTATCT
x_hyg_1_66,TTCTTAACCA,TCTACATACC
x_hyg_1_67,ATTATCCACT,TACGCACGTA
x_hyg_1_68,AAGCATCTTG,CATTCAACAA
x_hyg_1_69,TTAGACCATG,TCCTAGGAAG
x_hyg_1_70,AACTTATCCT,GTACTGGCGT
x_hyg_1_71,GTGGACAAGT,CCGTGGCCTT
x_hyg_1_72,TATAGGTACT,TAGGTGAGAT
x_hyg_1_73,CGCACGACTG,GGACCAACAG
x_hyg_1_74,GAATATGCGG,ACGAGACTGA
x_hyg_1_75,CGCTTAGAAT,CAGAGTGATA
x_hyg_1_76,AACCTGGCTC,TGAGTATGTT
x_hyg_1_77,TGACGGCCGT,AGTCAACCAT
x_hyg_1_78,AAGGAAGAGT,CACGTTAGGC
x_hyg_1_79,ATGGCGTGCC,CGCTTGAAGT
x_hyg_1_80,TCAGTCTCGT,CACGGATTAT
x_hyg_1_81,CACACAGTAT,TTGAGCCTAA
x_hyg_1_82,ATTATGTCTC,AGTTAAGAGC
x_hyg_1_83,AACAAGTACA,GGATATATCC
x_hyg_1_84,CAAGTCTACA,CACGTACGTG
x_hyg_1_85,GAGGTTAGAC,AATGTATTGC
x_hyg_1_86,GATCGGATAA,GTATCGGCCG
x_hyg_1_87,CCGAAGCGCT,TGCTAACTAT
x_hyg_1_88,TTATGGAAGT,GACAATAACA
x_hyg_1_89,CAGTAATTAC,CGAGGCGGTA
x_hyg_1_90,GGAAGGAGAC,TGGTGAGTCT
x_hyg_1_91,TCCAGAGATC,CTGCACTTCA
x_hyg_1_92,GTATAGAACA,TGTCACAGGA
x_hyg_1_93,TCTTGTCGGC,CCACCTGTGT
x_hyg_1_94,TATAACAGCT,TCGCGTATAA
x_hyg_1_95,AGATTAAGTG,CACCTCTTGG
x_hyg_1_96,GAGAAGAGGA,TTGACCTAAC
a_kan_1_1,AGATAGTAGC,GGCACGCCAT
a_kan_1_2,GAAGACTAGA,ACTAGAACTT
a_kan_1_3,ATACATCACA,TCTCCATTGA
a_kan_1_4,TTAATAGCAC,ACCACGTCTG
a_kan_1_5,GTAACTCCGC,AATAGAACGG
a_kan_1_6,GAGCTTGCCG,AGGTTGCAGG
a_kan_1_7,TGTAAGGTGG,AAGGCCTTGG
a_kan_1_8,CTGAATTAGT,AATTCGATCG
a_kan_1_9,GATATCACAC,GACTATATGT
a_kan_1_10,GTGTACCTTC,CTGTGAGCTA
a_kan_1_11,GATGAATTCA,TGCTGTGATT
a_kan_1_12,TGAGTACAAC,ACGCTTGGAC
a_kan_1_13,ATTAGAAGAC,GCAGGCTGGA
a_kan_1_14,CCAGGTTATC,GAATGCAGTT
a_kan_1_15,TAGGTATGTT,CGAGACCAAG
a_kan_1_16,CATTCACGCT,GTTGTACTCA
a_kan_1_17,CTCGTAGGCA,TCATCCTCTT
a_kan_1_18,AGCTAGCTTC,TAATACGGAG
a_kan_1_19,CAACTGCAAC,TGAACGCAAC
a_kan_1_20,TAAGGAGGAA,TTCCGACATT
a_kan_1_21,AGCGCTGTGT,CGTTCGGAAC
a_kan_1_22,ACCTGGCCAA,TCACAGATCG
a_kan_1_23,ATCCGGCAGC,GATCGAATAA
a_kan_1_24,CCGCGGTTCT,GGAGTAGATT
a_kan_1_25,GCTCGCACAT,ATGGCTTAAT
a_kan_1_26,TTCACTCACT,TATCATGAGA
a_kan_1_27,CACCTAGCAC,TGCTGGACAT
a_kan_1_28,GGCACTAAGG,TCAGGTCAAC
a_kan_1_29,AAGTTCTAGT,GGTAAGATAA
a_kan_1_30,CAATCCTTGT,CGAAGACGCA
a_kan_1_31,ACATGAGTGA,CCGCTTAGCT
a_kan_1_32,AGCTTACACA,TGGCACGACC
a_kan_1_33,TCACCGCGCT,TCGATACTAG
a_kan_1_34,TGTCTGGCCT,AGAAGCCAAT
a_kan_1_35,ACGAACCATG,ACTGAATTAC
a_kan_1_36,ATTGATACTG,TACACGCTCC
a_kan_1_37,AATATTGCCA,CGGTGACACC
a_kan_1_38,GGTCCGCTTC,CTCACACAAG
a_kan_1_39,TTCAAGTATG,GATGGTATCG
a_kan_1_40,ATTCGGTACA,AGTCCGAGGA
a_kan_1_41,CCAAGAGGTG,AACGAGCCAG
a_kan_1_42,CACCTGTTGC,ATTGACACAT
a_kan_1_43,GCAACCAGTC,CACCGAGGAA
a_kan_1_44,AACCAGCCAC,GCCACAGCAC
a_kan_1_45,GATAGCCTTG,TACCACAATG
a_kan_1_46,AGTTAATGCT,ACTGCAGCCG
a_kan_1_47,CAACCAAGTA,CCATCCACGC
a_kan_1_48,GGATTATGGA,TCCGATAGAG
a_kan_1_49,TCGTGCATTC,GCGTTGGTAT
a_kan_1_50,TAGTGGCTTG,AGTTACTTGG
a_kan_1_51,TTAAGACAAG,GGCTTAATTG
a_kan_1_52,ACTAATCTCC,CACTTAATCT
a_kan_1_53,ATATCTGCTT,TAGACAATCT
a_kan_1_54,CGTCACCTTG,CAGCCGATTG
a_kan_1_55,GAGCGACGAT,CGTATAATCA
a_kan_1_56,CTTAAGTCGA,CAGTAGTTGT
a_kan_1_57,CCTGGACGCA,TGGTATACCA
a_kan_1_58,GGTGAGTAAT,AACATCTAGT
a_kan_1_59,GTTGCGTTCA,GTTGCAGTTG
a_kan_1_60,TGGTTCTCAT,CTCAAGGCCG
a_kan_1_61,AAGATACACG,TGTGCTAACA
a_kan_1_62,ATTGAGGTCC,CGGATTATAT
a_kan_1_63,CACCTCTCTT,CTCGACTCCT
a_kan_1_64,TGTGTTAGTA,TACTCTGTTA
a_kan_1_65,TGGATCTGGC,CAATGCTGAA
a_kan_1_66,AATGACTGGT,TCTCACGCGT
a_kan_1_67,CGAACGCACC,ATGACAGAAC
a_kan_1_68,GCCTAACGTG,AGCTCTCAAG
a_kan_1_69,TTACGCACCT,GCTCTCGTTG
a_kan_1_70,TACTCTGCGC,CCTTACTATG
a_kan_1_71,CTTCAACCAC,TTATGCGCCT
a_kan_1_72,TCAACCACGA,CAAGTTCATA
a_kan_1_73,TGCAATGAAT,CCAGAAGTAA
a_kan_1_74,GGAGAGACTC,TTGAAGCAGA
a_kan_1_75,TTCTCGTGCA,ATACACAGAG
a_kan_1_76,CAACGACCTA,GCGACTCGAT
a_kan_1_77,TTGAATCCAA,GTCACGGTGT
a_kan_1_78,ATGATTCCGG,CTCTGACGTG
a_kan_1_79,TCTTACGCCG,ATTCATTGCA
a_kan_1_80,ACTTACTTCA,TCTGGAATTA
a_kan_1_81,TCGTTGCTGC,GTCTCGTGAA
a_kan_1_82,AGGTATGGCG,GTGGCGAGAC
a_kan_1_83,TCTATTCAGT,TCTCAGTACA
a_kan_1_84,TATGAACTTG,AATCCTTAGG
a_kan_1_85,CTATGAAGGA,CTTATACCTG
a_kan_1_86,CCGCTCCGTT,TACGGCGAAG
a_kan_1_87,GCTAGGAAGT,TCTCGGACGA
a_kan_1_88,CGGTCGGCAT,CTAGGCAAGG
a_kan_1_89,CACGGCTAGT,GGTGTACAAG
a_kan_1_90,TTAGGCTCAA,TCGAATGGAA
a_kan_1_91,AGCTGATGTC,TCATGTCCTG
a_kan_1_92,CGCATTCCGT,ATTAGTGGAG
a_kan_1_93,CGACAAGGAT,AAGGCCACCT
a_kan_1_94,TCCAGCCTGC,GCCAGATCCA
a_kan_1_95,CAAGACGTCC,AGTATACGGA
a_kan_1_96,AGTGGTTAAG,GGTGGAATAC

[Cloud_Settings]
GeneratedVersion,1.18.0.202504221757
Cloud_Workflow,ica_workflow_1
BCLConvert_Pipeline,urn:ilmn:ica:pipeline:90ac3122-bff9-4c54-bb0e-106b8a981a3c#BCLConvert_4_3_13-patch1

[Cloud_Data]
Sample_ID,ProjectName,LibraryName,LibraryPrepKitName,IndexAdapterKitName
x_kan_1_1,HM_071125_Tn5 HOKO Haploid_2025-07-10T21_30_03_22f3abc,x_kan_1_1_GAACTGAGCG_TCGTGGAGCG,NexteraXT,IlluminaDNARNAUDISetABCDTagmentation
x_kan_1_2,HM_071125_Tn5 HOKO Haploid_2025-07-10T21_30_03_22f3abc,x_kan_1_2_GACTGAGTAG_GTTGATAGTG,NexteraXT,IlluminaDNARNAUDISetABCDTagmentation
x_kan_1_3,HM_071125_Tn5 HOKO Haploid_2025-07-10T21_30_03_22f3abc,x_kan_1_3_GAGAATGGTT_TCGGCAGCAA,NexteraXT,IlluminaDNARNAUDISetABCDTagmentation
x_kan_1_4,HM_071125_Tn5 HOKO Haploid_2025-07-10T21_30_03_22f3abc,x_kan_1_4_AACCATAGAA_GGCGAGATGG,NexteraXT,IlluminaDNARNAUDISetABCDTagmentation
x_kan_1_5,HM_071125_Tn5 HOKO Haploid_2025-07-10T21_30_03_22f3abc,x_kan_1_5_TGATTATACG_GTCGATTACA,NexteraXT,IlluminaDNARNAUDISetABCDTagmentation
x_kan_1_6,HM_071125_Tn5 HOKO Haploid_2025-07-10T21_30_03_22f3abc,x_kan_1_6_ACTCGGCAAT_GACAACTGAA,NexteraXT,IlluminaDNARNAUDISetABCDTagmentation
x_kan_1_7,HM_071125_Tn5 HOKO Haploid_2025-07-10T21_30_03_22f3abc,x_kan_1_7_AGTGTTGCAC_CTGGTACACG,NexteraXT,IlluminaDNARNAUDISetABCDTagmentation
x_kan_1_8,HM_071125_Tn5 HOKO Haploid_2025-07-10T21_30_03_22f3abc,x_kan_1_8_TCTATCCTAA_CGTCGACTGG,NexteraXT,IlluminaDNARNAUDISetABCDTagmentation
x_kan_1_9,HM_071125_Tn5 HOKO Haploid_2025-07-10T21_30_03_22f3abc,x_kan_1_9_TAATGTGTCT_GTAAGGCATA,NexteraXT,IlluminaDNARNAUDISetABCDTagmentation
x_kan_1_10,HM_071125_Tn5 HOKO Haploid_2025-07-10T21_30_03_22f3abc,x_kan_1_10_TCTCATGATA_AACACGTGGA,NexteraXT,IlluminaDNARNAUDISetABCDTagmentation
x_kan_1_11,HM_071125_Tn5 HOKO Haploid_2025-07-10T21_30_03_22f3abc,x_kan_1_11_TGTCGCTGGT_TCGTCTGACT,NexteraXT,IlluminaDNARNAUDISetABCDTagmentation
x_kan_1_12,HM_071125_Tn5 HOKO Haploid_2025-07-10T21_30_03_22f3abc,x_kan_1_12_GTCCGTAAGC_CGTGTATCTT,NexteraXT,IlluminaDNARNAUDISetABCDTagmentation
x_kan_1_13,HM_071125_Tn5 HOKO Haploid_2025-07-10T21_30_03_22f3abc,x_kan_1_13_AGGTCAGATA_CTACAAGATA,NexteraXT,IlluminaDNARNAUDISetABCDTagmentation
x_kan_1_14,HM_071125_Tn5 HOKO Haploid_2025-07-10T21_30_03_22f3abc,x_kan_1_14_AGTCAGACGA_ACCAGCGACA,NexteraXT,IlluminaDNARNAUDISetABCDTagmentation
x_kan_1_15,HM_071125_Tn5 HOKO Haploid_2025-07-10T21_30_03_22f3abc,x_kan_1_15_AGAGGCAACC_CTAATGATGG,NexteraXT,IlluminaDNARNAUDISetABCDTagmentation
x_kan_1_16,HM_071125_Tn5 HOKO Haploid_2025-07-10T21_30_03_22f3abc,x_kan_1_16_GGTTGCGAGG_AATAGAGCAA,NexteraXT,IlluminaDNARNAUDISetABCDTagmentation
x_kan_1_17,HM_071125_Tn5 HOKO Haploid_2025-07-10T21_30_03_22f3abc,x_kan_1_17_CAGCCGCGTA_ACTAGCCGTG,NexteraXT,IlluminaDNARNAUDISetABCDTagmentation
x_kan_1_18,HM_071125_Tn5 HOKO Haploid_2025-07-10T21_30_03_22f3abc,x_kan_1_18_GTCTAATGGC_AGTGGTCAGG,NexteraXT,IlluminaDNARNAUDISetABCDTagmentation
x_kan_1_19,HM_071125_Tn5 HOKO Haploid_2025-07-10T21_30_03_22f3abc,x_kan_1_19_GACACCATGT_TCAACGTGTA,NexteraXT,IlluminaDNARNAUDISetABCDTagmentation
x_kan_1_20,HM_071125_Tn5 HOKO Haploid_2025-07-10T21_30_03_22f3abc,x_kan_1_20_CTCGCTTCGG_TACTAGTCAA,NexteraXT,IlluminaDNARNAUDISetABCDTagmentation
x_kan_1_21,HM_071125_Tn5 HOKO Haploid_2025-07-10T21_30_03_22f3abc,x_kan_1_21_ATACCAACGC_AATTGCTGCG,NexteraXT,IlluminaDNARNAUDISetABCDTagmentation
x_kan_1_22,HM_071125_Tn5 HOKO Haploid_2025-07-10T21_30_03_22f3abc,x_kan_1_22_CGAGGCCAAG_GTGTTACCGG,NexteraXT,IlluminaDNARNAUDISetABCDTagmentation
x_kan_1_23,HM_071125_Tn5 HOKO Haploid_2025-07-10T21_30_03_22f3abc,x_kan_1_23_ACCGTTACAA_CTCATAGCGA,NexteraXT,IlluminaDNARNAUDISetABCDTagmentation
x_kan_1_24,HM_071125_Tn5 HOKO Haploid_2025-07-10T21_30_03_22f3abc,x_kan_1_24_ACTTCAAGCG_GAACCATGAA,NexteraXT,IlluminaDNARNAUDISetABCDTagmentation
x_kan_1_25,HM_071125_Tn5 HOKO Haploid_2025-07-10T21_30_03_22f3abc,x_kan_1_25_CGACATCCGA_TACGTTCATT,NexteraXT,IlluminaDNARNAUDISetABCDTagmentation
x_kan_1_26,HM_071125_Tn5 HOKO Haploid_2025-07-10T21_30_03_22f3abc,x_kan_1_26_CCGTATGTTC_CATACACTGT,NexteraXT,IlluminaDNARNAUDISetABCDTagmentation
x_kan_1_27,HM_071125_Tn5 HOKO Haploid_2025-07-10T21_30_03_22f3abc,x_kan_1_27_CCATCATTAG_GGTTGCCTCT,NexteraXT,IlluminaDNARNAUDISetABCDTagmentation
x_kan_1_28,HM_071125_Tn5 HOKO Haploid_2025-07-10T21_30_03_22f3abc,x_kan_1_28_TAAGCATCCA_TCAATCCATT,NexteraXT,IlluminaDNARNAUDISetABCDTagmentation
x_kan_1_29,HM_071125_Tn5 HOKO Haploid_2025-07-10T21_30_03_22f3abc,x_kan_1_29_GGTAACTCGC_AAGTTGGTGA,NexteraXT,IlluminaDNARNAUDISetABCDTagmentation
x_kan_1_30,HM_071125_Tn5 HOKO Haploid_2025-07-10T21_30_03_22f3abc,x_kan_1_30_CCATCTCGCC_TTCTATGGTT,NexteraXT,IlluminaDNARNAUDISetABCDTagmentation
x_kan_1_31,HM_071125_Tn5 HOKO Haploid_2025-07-10T21_30_03_22f3abc,x_kan_1_31_CCTGTCTGTC_ACTGTTGTGA,NexteraXT,IlluminaDNARNAUDISetABCDTagmentation
x_kan_1_32,HM_071125_Tn5 HOKO Haploid_2025-07-10T21_30_03_22f3abc,x_kan_1_32_CTGTTGGTCC_ATAGACCGTT,NexteraXT,IlluminaDNARNAUDISetABCDTagmentation
x_kan_1_33,HM_071125_Tn5 HOKO Haploid_2025-07-10T21_30_03_22f3abc,x_kan_1_33_AGGATGTGCT_TTACAATTCC,NexteraXT,IlluminaDNARNAUDISetABCDTagmentation
x_kan_1_34,HM_071125_Tn5 HOKO Haploid_2025-07-10T21_30_03_22f3abc,x_kan_1_34_TTCACGAGAC_AGATTGTTAC,NexteraXT,IlluminaDNARNAUDISetABCDTagmentation
x_kan_1_35,HM_071125_Tn5 HOKO Haploid_2025-07-10T21_30_03_22f3abc,x_kan_1_35_TATGCCTTAC_AGACACATTA,NexteraXT,IlluminaDNARNAUDISetABCDTagmentation
x_kan_1_36,HM_071125_Tn5 HOKO Haploid_2025-07-10T21_30_03_22f3abc,x_kan_1_36_TCAGAAGGCG_GGCCATCATA,NexteraXT,IlluminaDNARNAUDISetABCDTagmentation
x_kan_1_37,HM_071125_Tn5 HOKO Haploid_2025-07-10T21_30_03_22f3abc,x_kan_1_37_ATTCCATAAG_TGCCTGGTGG,NexteraXT,IlluminaDNARNAUDISetABCDTagmentation
x_kan_1_38,HM_071125_Tn5 HOKO Haploid_2025-07-10T21_30_03_22f3abc,x_kan_1_38_GAGTCATAGG_GTGTGGCGCT,NexteraXT,IlluminaDNARNAUDISetABCDTagmentation
x_kan_1_39,HM_071125_Tn5 HOKO Haploid_2025-07-10T21_30_03_22f3abc,x_kan_1_39_GATAGGCCGA_CGCACATGGC,NexteraXT,IlluminaDNARNAUDISetABCDTagmentation
x_kan_1_40,HM_071125_Tn5 HOKO Haploid_2025-07-10T21_30_03_22f3abc,x_kan_1_40_ACCACGACAT_TCGTATGCGG,NexteraXT,IlluminaDNARNAUDISetABCDTagmentation
x_kan_1_41,HM_071125_Tn5 HOKO Haploid_2025-07-10T21_30_03_22f3abc,x_kan_1_41_ACCGGCCGTA_TGGCAATATT,NexteraXT,IlluminaDNARNAUDISetABCDTagmentation
x_kan_1_42,HM_071125_Tn5 HOKO Haploid_2025-07-10T21_30_03_22f3abc,x_kan_1_42_CTGCGAGCCA_AATCCGGCCA,NexteraXT,IlluminaDNARNAUDISetABCDTagmentation
x_kan_1_43,HM_071125_Tn5 HOKO Haploid_2025-07-10T21_30_03_22f3abc,x_kan_1_43_TGATGTAAGA_GTGCGTCCTT,NexteraXT,IlluminaDNARNAUDISetABCDTagmentation
x_kan_1_44,HM_071125_Tn5 HOKO Haploid_2025-07-10T21_30_03_22f3abc,x_kan_1_44_TTACCTGGAA_ACAGTTCCAG,NexteraXT,IlluminaDNARNAUDISetABCDTagmentation
x_kan_1_45,HM_071125_Tn5 HOKO Haploid_2025-07-10T21_30_03_22f3abc,x_kan_1_45_CACGGAACAA_AACCTAGCAC,NexteraXT,IlluminaDNARNAUDISetABCDTagmentation
x_kan_1_46,HM_071125_Tn5 HOKO Haploid_2025-07-10T21_30_03_22f3abc,x_kan_1_46_GCGTGGATGG_TTGACCAATG,NexteraXT,IlluminaDNARNAUDISetABCDTagmentation
x_kan_1_47,HM_071125_Tn5 HOKO Haploid_2025-07-10T21_30_03_22f3abc,x_kan_1_47_ACTGGATCTA_TCGCCGCTAG,NexteraXT,IlluminaDNARNAUDISetABCDTagmentation
x_kan_1_48,HM_071125_Tn5 HOKO Haploid_2025-07-10T21_30_03_22f3abc,x_kan_1_48_GCGTTGGTAT_ACATACTTCC,NexteraXT,IlluminaDNARNAUDISetABCDTagmentation
x_kan_1_49,HM_071125_Tn5 HOKO Haploid_2025-07-10T21_30_03_22f3abc,x_kan_1_49_CACAATAGGA_TCCATCCGAG,NexteraXT,IlluminaDNARNAUDISetABCDTagmentation
x_kan_1_50,HM_071125_Tn5 HOKO Haploid_2025-07-10T21_30_03_22f3abc,x_kan_1_50_CTTGCCATTA_ATCACGAAGG,NexteraXT,IlluminaDNARNAUDISetABCDTagmentation
x_kan_1_51,HM_071125_Tn5 HOKO Haploid_2025-07-10T21_30_03_22f3abc,x_kan_1_51_ATGGTTGACT_GGCCTGTCCT,NexteraXT,IlluminaDNARNAUDISetABCDTagmentation
x_kan_1_52,HM_071125_Tn5 HOKO Haploid_2025-07-10T21_30_03_22f3abc,x_kan_1_52_GCCGCACTCT_TCCGACCTCG,NexteraXT,IlluminaDNARNAUDISetABCDTagmentation
x_kan_1_53,HM_071125_Tn5 HOKO Haploid_2025-07-10T21_30_03_22f3abc,x_kan_1_53_TGTAATCGAC_GATCACCGCG,NexteraXT,IlluminaDNARNAUDISetABCDTagmentation
x_kan_1_54,HM_071125_Tn5 HOKO Haploid_2025-07-10T21_30_03_22f3abc,x_kan_1_54_CGTTATTCTA_CCATAAGGTT,NexteraXT,IlluminaDNARNAUDISetABCDTagmentation
x_kan_1_55,HM_071125_Tn5 HOKO Haploid_2025-07-10T21_30_03_22f3abc,x_kan_1_55_TAGTTCGGTA_CCATGTGTAG,NexteraXT,IlluminaDNARNAUDISetABCDTagmentation
x_kan_1_56,HM_071125_Tn5 HOKO Haploid_2025-07-10T21_30_03_22f3abc,x_kan_1_56_TGGCTAATCA_AGGCATGTAG,NexteraXT,IlluminaDNARNAUDISetABCDTagmentation
x_kan_1_57,HM_071125_Tn5 HOKO Haploid_2025-07-10T21_30_03_22f3abc,x_kan_1_57_CCAAGGCCTT_TCGAAGTACT,NexteraXT,IlluminaDNARNAUDISetABCDTagmentation
x_kan_1_58,HM_071125_Tn5 HOKO Haploid_2025-07-10T21_30_03_22f3abc,x_kan_1_58_TCTGGTATCC_CGTTGCTTAC,NexteraXT,IlluminaDNARNAUDISetABCDTagmentation
x_kan_1_59,HM_071125_Tn5 HOKO Haploid_2025-07-10T21_30_03_22f3abc,x_kan_1_59_TGGTACCTAA_CATGAGTACT,NexteraXT,IlluminaDNARNAUDISetABCDTagmentation
x_kan_1_60,HM_071125_Tn5 HOKO Haploid_2025-07-10T21_30_03_22f3abc,x_kan_1_60_ACATATCCAG_TATGTGCAAT,NexteraXT,IlluminaDNARNAUDISetABCDTagmentation
x_kan_1_61,HM_071125_Tn5 HOKO Haploid_2025-07-10T21_30_03_22f3abc,x_kan_1_61_AACATCGCGC_GTCCACTTGT,NexteraXT,IlluminaDNARNAUDISetABCDTagmentation
x_kan_1_62,HM_071125_Tn5 HOKO Haploid_2025-07-10T21_30_03_22f3abc,x_kan_1_62_GAAGCGGCAC_CGGCTCTACT,NexteraXT,IlluminaDNARNAUDISetABCDTagmentation
x_kan_1_63,HM_071125_Tn5 HOKO Haploid_2025-07-10T21_30_03_22f3abc,x_kan_1_63_TATTGCGCTC_CTGTGTTAGG,NexteraXT,IlluminaDNARNAUDISetABCDTagmentation
x_kan_1_64,HM_071125_Tn5 HOKO Haploid_2025-07-10T21_30_03_22f3abc,x_kan_1_64_CCACCAGGCA_CTTATGGAAT,NexteraXT,IlluminaDNARNAUDISetABCDTagmentation
x_kan_1_65,HM_071125_Tn5 HOKO Haploid_2025-07-10T21_30_03_22f3abc,x_kan_1_65_GTGCAGACAG_TACCATCCGT,NexteraXT,IlluminaDNARNAUDISetABCDTagmentation
x_kan_1_66,HM_071125_Tn5 HOKO Haploid_2025-07-10T21_30_03_22f3abc,x_kan_1_66_GCAACATGGA_CTTGTCTTAA,NexteraXT,IlluminaDNARNAUDISetABCDTagmentation
x_kan_1_67,HM_071125_Tn5 HOKO Haploid_2025-07-10T21_30_03_22f3abc,x_kan_1_67_CTATTACTAC_GAGTCTCTCC,NexteraXT,IlluminaDNARNAUDISetABCDTagmentation
x_kan_1_68,HM_071125_Tn5 HOKO Haploid_2025-07-10T21_30_03_22f3abc,x_kan_1_68_AACACTGTTA_GCAAGTCTCA,NexteraXT,IlluminaDNARNAUDISetABCDTagmentation
x_kan_1_69,HM_071125_Tn5 HOKO Haploid_2025-07-10T21_30_03_22f3abc,x_kan_1_69_TTACTCCACA_GACACCGATG,NexteraXT,IlluminaDNARNAUDISetABCDTagmentation
x_kan_1_70,HM_071125_Tn5 HOKO Haploid_2025-07-10T21_30_03_22f3abc,x_kan_1_70_CATTAGTGCG_TGACTACATA,NexteraXT,IlluminaDNARNAUDISetABCDTagmentation
x_kan_1_71,HM_071125_Tn5 HOKO Haploid_2025-07-10T21_30_03_22f3abc,x_kan_1_71_TTGGAATTCC_ACGTCAATAC,NexteraXT,IlluminaDNARNAUDISetABCDTagmentation
x_kan_1_72,HM_071125_Tn5 HOKO Haploid_2025-07-10T21_30_03_22f3abc,x_kan_1_72_TCATAGATTG_GATTAAGGTG,NexteraXT,IlluminaDNARNAUDISetABCDTagmentation
x_kan_1_73,HM_071125_Tn5 HOKO Haploid_2025-07-10T21_30_03_22f3abc,x_kan_1_73_CTAGTGCTCT_TGGAACAGTA,NexteraXT,IlluminaDNARNAUDISetABCDTagmentation
x_kan_1_74,HM_071125_Tn5 HOKO Haploid_2025-07-10T21_30_03_22f3abc,x_kan_1_74_TCCATTGCCG_GAATGCACGA,NexteraXT,IlluminaDNARNAUDISetABCDTagmentation
x_kan_1_75,HM_071125_Tn5 HOKO Haploid_2025-07-10T21_30_03_22f3abc,x_kan_1_75_ACGCCTTGTT_TAAGGAACGT,NexteraXT,IlluminaDNARNAUDISetABCDTagmentation
x_kan_1_76,HM_071125_Tn5 HOKO Haploid_2025-07-10T21_30_03_22f3abc,x_kan_1_76_GTGACACGCA_GCTTACGGAC,NexteraXT,IlluminaDNARNAUDISetABCDTagmentation
x_kan_1_77,HM_071125_Tn5 HOKO Haploid_2025-07-10T21_30_03_22f3abc,x_kan_1_77_CAATCGGCTG_GCTGTAGGAA,NexteraXT,IlluminaDNARNAUDISetABCDTagmentation
x_kan_1_78,HM_071125_Tn5 HOKO Haploid_2025-07-10T21_30_03_22f3abc,x_kan_1_78_GTCCTGGATA_CGGTGGCGAA,NexteraXT,IlluminaDNARNAUDISetABCDTagmentation
x_kan_1_79,HM_071125_Tn5 HOKO Haploid_2025-07-10T21_30_03_22f3abc,x_kan_1_79_TAGCATAACC_GCTATGCGCA,NexteraXT,IlluminaDNARNAUDISetABCDTagmentation
x_kan_1_80,HM_071125_Tn5 HOKO Haploid_2025-07-10T21_30_03_22f3abc,x_kan_1_80_ATTGCGCGGT_TTGGCTCCGC,NexteraXT,IlluminaDNARNAUDISetABCDTagmentation
x_kan_1_81,HM_071125_Tn5 HOKO Haploid_2025-07-10T21_30_03_22f3abc,x_kan_1_81_AGTAGAAGTG_CTAGCGTCGA,NexteraXT,IlluminaDNARNAUDISetABCDTagmentation
x_kan_1_82,HM_071125_Tn5 HOKO Haploid_2025-07-10T21_30_03_22f3abc,x_kan_1_82_ACGGTCAGGA_CGGCCTCGTT,NexteraXT,IlluminaDNARNAUDISetABCDTagmentation
x_kan_1_83,HM_071125_Tn5 HOKO Haploid_2025-07-10T21_30_03_22f3abc,x_kan_1_83_CCTCTACATG_GATACCTCCT,NexteraXT,IlluminaDNARNAUDISetABCDTagmentation
x_kan_1_84,HM_071125_Tn5 HOKO Haploid_2025-07-10T21_30_03_22f3abc,x_kan_1_84_GTATTCCACC_ATGTAGACAA,NexteraXT,IlluminaDNARNAUDISetABCDTagmentation
x_kan_1_85,HM_071125_Tn5 HOKO Haploid_2025-07-10T21_30_03_22f3abc,x_kan_1_85_GATCAAGGCA_CCTTGTTAAT,NexteraXT,IlluminaDNARNAUDISetABCDTagmentation
x_kan_1_86,HM_071125_Tn5 HOKO Haploid_2025-07-10T21_30_03_22f3abc,x_kan_1_86_CGGTTACGGC_AAGACTATAG,NexteraXT,IlluminaDNARNAUDISetABCDTagmentation
x_kan_1_87,HM_071125_Tn5 HOKO Haploid_2025-07-10T21_30_03_22f3abc,x_kan_1_87_TTCTACATAC_CTAACTGTAA,NexteraXT,IlluminaDNARNAUDISetABCDTagmentation
x_kan_1_88,HM_071125_Tn5 HOKO Haploid_2025-07-10T21_30_03_22f3abc,x_kan_1_88_ACAGTGTATG_GAACATACGG,NexteraXT,IlluminaDNARNAUDISetABCDTagmentation
x_kan_1_89,HM_071125_Tn5 HOKO Haploid_2025-07-10T21_30_03_22f3abc,x_kan_1_89_TATGTAGTCA_CGCACTAATG,NexteraXT,IlluminaDNARNAUDISetABCDTagmentation
x_kan_1_90,HM_071125_Tn5 HOKO Haploid_2025-07-10T21_30_03_22f3abc,x_kan_1_90_CAGTGGCACT_TAACAATAGG,NexteraXT,IlluminaDNARNAUDISetABCDTagmentation
x_kan_1_91,HM_071125_Tn5 HOKO Haploid_2025-07-10T21_30_03_22f3abc,x_kan_1_91_ACTCTATTGT_ATCGCATATG,NexteraXT,IlluminaDNARNAUDISetABCDTagmentation
x_kan_1_92,HM_071125_Tn5 HOKO Haploid_2025-07-10T21_30_03_22f3abc,x_kan_1_92_TGGCGCGAAC_AACTGATACT,NexteraXT,IlluminaDNARNAUDISetABCDTagmentation
x_kan_1_93,HM_071125_Tn5 HOKO Haploid_2025-07-10T21_30_03_22f3abc,x_kan_1_93_TACGAGTCCA_TAGCGAAGCA,NexteraXT,IlluminaDNARNAUDISetABCDTagmentation
x_kan_1_94,HM_071125_Tn5 HOKO Haploid_2025-07-10T21_30_03_22f3abc,x_kan_1_94_GGCAAGCCAG_CAAGCATCCG,NexteraXT,IlluminaDNARNAUDISetABCDTagmentation
x_kan_1_95,HM_071125_Tn5 HOKO Haploid_2025-07-10T21_30_03_22f3abc,x_kan_1_95_GGAGCGTGTA_ATCCGTAAGT,NexteraXT,IlluminaDNARNAUDISetABCDTagmentation
x_kan_1_96,HM_071125_Tn5 HOKO Haploid_2025-07-10T21_30_03_22f3abc,x_kan_1_96_CCTCCGTCCA_CACATCGGTG,NexteraXT,IlluminaDNARNAUDISetABCDTagmentation
a_hyg_1_1,HM_071125_Tn5 HOKO Haploid_2025-07-10T21_30_03_22f3abc,a_hyg_1_1_TGCCGGTCAG_CCTGATACAA,NexteraXT,IlluminaDNARNAUDISetABCDTagmentation
a_hyg_1_2,HM_071125_Tn5 HOKO Haploid_2025-07-10T21_30_03_22f3abc,a_hyg_1_2_CAGCAATCGT_TGTGATGTAT,NexteraXT,IlluminaDNARNAUDISetABCDTagmentation
a_hyg_1_3,HM_071125_Tn5 HOKO Haploid_2025-07-10T21_30_03_22f3abc,a_hyg_1_3_GAATTACAAG_ACCGGCTCAG,NexteraXT,IlluminaDNARNAUDISetABCDTagmentation
a_hyg_1_4,HM_071125_Tn5 HOKO Haploid_2025-07-10T21_30_03_22f3abc,a_hyg_1_4_AGAGAACCTA_GGTTATGCTA,NexteraXT,IlluminaDNARNAUDISetABCDTagmentation
a_hyg_1_5,HM_071125_Tn5 HOKO Haploid_2025-07-10T21_30_03_22f3abc,a_hyg_1_5_TCTAGGCGCG_CGAAGGTTAA,NexteraXT,IlluminaDNARNAUDISetABCDTagmentation
a_hyg_1_6,HM_071125_Tn5 HOKO Haploid_2025-07-10T21_30_03_22f3abc,a_hyg_1_6_CCGGTTCCTA_TATATTCGAG,NexteraXT,IlluminaDNARNAUDISetABCDTagmentation
a_hyg_1_7,HM_071125_Tn5 HOKO Haploid_2025-07-10T21_30_03_22f3abc,a_hyg_1_7_GTGCTAGGTT_TGAATATTGC,NexteraXT,IlluminaDNARNAUDISetABCDTagmentation
a_hyg_1_8,HM_071125_Tn5 HOKO Haploid_2025-07-10T21_30_03_22f3abc,a_hyg_1_8_CCACGCTGAA_TATTCCTCAG,NexteraXT,IlluminaDNARNAUDISetABCDTagmentation
a_hyg_1_9,HM_071125_Tn5 HOKO Haploid_2025-07-10T21_30_03_22f3abc,a_hyg_1_9_AATTCCATCT_CTTCAGTTAC,NexteraXT,IlluminaDNARNAUDISetABCDTagmentation
a_hyg_1_10,HM_071125_Tn5 HOKO Haploid_2025-07-10T21_30_03_22f3abc,a_hyg_1_10_ATGTTGTTGG_CAATCTATGA,NexteraXT,IlluminaDNARNAUDISetABCDTagmentation
a_hyg_1_11,HM_071125_Tn5 HOKO Haploid_2025-07-10T21_30_03_22f3abc,a_hyg_1_11_CTCGAATATA_GAGATGTCGA,NexteraXT,IlluminaDNARNAUDISetABCDTagmentation
a_hyg_1_12,HM_071125_Tn5 HOKO Haploid_2025-07-10T21_30_03_22f3abc,a_hyg_1_12_ACGGTCCAAC_TCTTACATCA,NexteraXT,IlluminaDNARNAUDISetABCDTagmentation
a_hyg_1_13,HM_071125_Tn5 HOKO Haploid_2025-07-10T21_30_03_22f3abc,a_hyg_1_13_CACTCAATTC_TTAAGTTGTG,NexteraXT,IlluminaDNARNAUDISetABCDTagmentation
a_hyg_1_14,HM_071125_Tn5 HOKO Haploid_2025-07-10T21_30_03_22f3abc,a_hyg_1_14_TTCTGTAGAA_GAGCGCAATA,NexteraXT,IlluminaDNARNAUDISetABCDTagmentation
a_hyg_1_15,HM_071125_Tn5 HOKO Haploid_2025-07-10T21_30_03_22f3abc,a_hyg_1_15_TAGAATTGGA_GTTAATCTGA,NexteraXT,IlluminaDNARNAUDISetABCDTagmentation
a_hyg_1_16,HM_071125_Tn5 HOKO Haploid_2025-07-10T21_30_03_22f3abc,a_hyg_1_16_GATATTGTGT_ACCACACGGT,NexteraXT,IlluminaDNARNAUDISetABCDTagmentation
a_hyg_1_17,HM_071125_Tn5 HOKO Haploid_2025-07-10T21_30_03_22f3abc,a_hyg_1_17_ATAGCCAAGA_AGTGCCACTG,NexteraXT,IlluminaDNARNAUDISetABCDTagmentation
a_hyg_1_18,HM_071125_Tn5 HOKO Haploid_2025-07-10T21_30_03_22f3abc,a_hyg_1_18_GGCCAATATT_CGGTCCGATA,NexteraXT,IlluminaDNARNAUDISetABCDTagmentation
a_hyg_1_19,HM_071125_Tn5 HOKO Haploid_2025-07-10T21_30_03_22f3abc,a_hyg_1_19_ACAGCGACCA_CAGGAGCTCT,NexteraXT,IlluminaDNARNAUDISetABCDTagmentation
a_hyg_1_20,HM_071125_Tn5 HOKO Haploid_2025-07-10T21_30_03_22f3abc,a_hyg_1_20_GTTCGGAGTT_CGCCTTCTGA,NexteraXT,IlluminaDNARNAUDISetABCDTagmentation
a_hyg_1_21,HM_071125_Tn5 HOKO Haploid_2025-07-10T21_30_03_22f3abc,a_hyg_1_21_TTAACGGTGT_TCCTGACCGT,NexteraXT,IlluminaDNARNAUDISetABCDTagmentation
a_hyg_1_22,HM_071125_Tn5 HOKO Haploid_2025-07-10T21_30_03_22f3abc,a_hyg_1_22_GCACCACCAA_TGGTACTGAT,NexteraXT,IlluminaDNARNAUDISetABCDTagmentation
a_hyg_1_23,HM_071125_Tn5 HOKO Haploid_2025-07-10T21_30_03_22f3abc,a_hyg_1_23_GATCGTCGCG_CTGGATATGT,NexteraXT,IlluminaDNARNAUDISetABCDTagmentation
a_hyg_1_24,HM_071125_Tn5 HOKO Haploid_2025-07-10T21_30_03_22f3abc,a_hyg_1_24_GTAACTTGGT_CGCCATACCT,NexteraXT,IlluminaDNARNAUDISetABCDTagmentation
a_hyg_1_25,HM_071125_Tn5 HOKO Haploid_2025-07-10T21_30_03_22f3abc,a_hyg_1_25_TCTCACACGC_CGGACAGTGA,NexteraXT,IlluminaDNARNAUDISetABCDTagmentation
a_hyg_1_26,HM_071125_Tn5 HOKO Haploid_2025-07-10T21_30_03_22f3abc,a_hyg_1_26_GAACGCAATA_ATCTTACTGT,NexteraXT,IlluminaDNARNAUDISetABCDTagmentation
a_hyg_1_27,HM_071125_Tn5 HOKO Haploid_2025-07-10T21_30_03_22f3abc,a_hyg_1_27_AGGCAGCTCT_CGGCTAACGT,NexteraXT,IlluminaDNARNAUDISetABCDTagmentation
a_hyg_1_28,HM_071125_Tn5 HOKO Haploid_2025-07-10T21_30_03_22f3abc,a_hyg_1_28_CGTACAGGAA_TAGGTTCTCT,NexteraXT,IlluminaDNARNAUDISetABCDTagmentation
a_hyg_1_29,HM_071125_Tn5 HOKO Haploid_2025-07-10T21_30_03_22f3abc,a_hyg_1_29_TTCGGTGTGA_GAACAAGTAT,NexteraXT,IlluminaDNARNAUDISetABCDTagmentation
a_hyg_1_30,HM_071125_Tn5 HOKO Haploid_2025-07-10T21_30_03_22f3abc,a_hyg_1_30_GAATACCTAT_ACAATAGAGT,NexteraXT,IlluminaDNARNAUDISetABCDTagmentation
a_hyg_1_31,HM_071125_Tn5 HOKO Haploid_2025-07-10T21_30_03_22f3abc,a_hyg_1_31_TCCACACAGA_TTGTCGGATG,NexteraXT,IlluminaDNARNAUDISetABCDTagmentation
a_hyg_1_32,HM_071125_Tn5 HOKO Haploid_2025-07-10T21_30_03_22f3abc,a_hyg_1_32_ATGTCGTATT_TTCTTGCTGG,NexteraXT,IlluminaDNARNAUDISetABCDTagmentation
a_hyg_1_33,HM_071125_Tn5 HOKO Haploid_2025-07-10T21_30_03_22f3abc,a_hyg_1_33_ACTTGTTATC_CGCGCCTAGA,NexteraXT,IlluminaDNARNAUDISetABCDTagmentation
a_hyg_1_34,HM_071125_Tn5 HOKO Haploid_2025-07-10T21_30_03_22f3abc,a_hyg_1_34_AGGCGTTCGC_TTCATCCAAC,NexteraXT,IlluminaDNARNAUDISetABCDTagmentation
a_hyg_1_35,HM_071125_Tn5 HOKO Haploid_2025-07-10T21_30_03_22f3abc,a_hyg_1_35_CCGACCTGTC_TGCTCATAAC,NexteraXT,IlluminaDNARNAUDISetABCDTagmentation
a_hyg_1_36,HM_071125_Tn5 HOKO Haploid_2025-07-10T21_30_03_22f3abc,a_hyg_1_36_AGCGCCACAC_CTAATGTCTT,NexteraXT,IlluminaDNARNAUDISetABCDTagmentation
a_hyg_1_37,HM_071125_Tn5 HOKO Haploid_2025-07-10T21_30_03_22f3abc,a_hyg_1_37_TCAATGGAGA_GCACTACAAC,NexteraXT,IlluminaDNARNAUDISetABCDTagmentation
a_hyg_1_38,HM_071125_Tn5 HOKO Haploid_2025-07-10T21_30_03_22f3abc,a_hyg_1_38_AGTACTCATG_ATGTCGTGGT,NexteraXT,IlluminaDNARNAUDISetABCDTagmentation
a_hyg_1_39,HM_071125_Tn5 HOKO Haploid_2025-07-10T21_30_03_22f3abc,a_hyg_1_39_ATCGGCGAAG_TCCAAGAATT,NexteraXT,IlluminaDNARNAUDISetABCDTagmentation
a_hyg_1_40,HM_071125_Tn5 HOKO Haploid_2025-07-10T21_30_03_22f3abc,a_hyg_1_40_CTGCGTTACC_TATGGCTCGA,NexteraXT,IlluminaDNARNAUDISetABCDTagmentation
a_hyg_1_41,HM_071125_Tn5 HOKO Haploid_2025-07-10T21_30_03_22f3abc,a_hyg_1_41_ATGTAACGTT_ACGATTGCTG,NexteraXT,IlluminaDNARNAUDISetABCDTagmentation
a_hyg_1_42,HM_071125_Tn5 HOKO Haploid_2025-07-10T21_30_03_22f3abc,a_hyg_1_42_TACGTGAAGG_CGGTTATTAG,NexteraXT,IlluminaDNARNAUDISetABCDTagmentation
a_hyg_1_43,HM_071125_Tn5 HOKO Haploid_2025-07-10T21_30_03_22f3abc,a_hyg_1_43_AAGTGTTAGG_GCTAGTTCCG,NexteraXT,IlluminaDNARNAUDISetABCDTagmentation
a_hyg_1_44,HM_071125_Tn5 HOKO Haploid_2025-07-10T21_30_03_22f3abc,a_hyg_1_44_GCAATATTCA_GGCGCCAATT,NexteraXT,IlluminaDNARNAUDISetABCDTagmentation
a_hyg_1_45,HM_071125_Tn5 HOKO Haploid_2025-07-10T21_30_03_22f3abc,a_hyg_1_45_CGTGTACCAG_AGGATAAGTT,NexteraXT,IlluminaDNARNAUDISetABCDTagmentation
a_hyg_1_46,HM_071125_Tn5 HOKO Haploid_2025-07-10T21_30_03_22f3abc,a_hyg_1_46_CCTCCGGTTG_CATAACACCA,NexteraXT,IlluminaDNARNAUDISetABCDTagmentation
a_hyg_1_47,HM_071125_Tn5 HOKO Haploid_2025-07-10T21_30_03_22f3abc,a_hyg_1_47_CGCTGTCTCA_ATTACTCACC,NexteraXT,IlluminaDNARNAUDISetABCDTagmentation
a_hyg_1_48,HM_071125_Tn5 HOKO Haploid_2025-07-10T21_30_03_22f3abc,a_hyg_1_48_TGCTACTGCC_CAACCGGAGG,NexteraXT,IlluminaDNARNAUDISetABCDTagmentation
a_hyg_1_49,HM_071125_Tn5 HOKO Haploid_2025-07-10T21_30_03_22f3abc,a_hyg_1_49_ATATGCATGT_TGGTGCCTGG,NexteraXT,IlluminaDNARNAUDISetABCDTagmentation
a_hyg_1_50,HM_071125_Tn5 HOKO Haploid_2025-07-10T21_30_03_22f3abc,a_hyg_1_50_GGTAGAATTA_GTAGCCATCA,NexteraXT,IlluminaDNARNAUDISetABCDTagmentation
a_hyg_1_51,HM_071125_Tn5 HOKO Haploid_2025-07-10T21_30_03_22f3abc,a_hyg_1_51_CCGTGACCGA_CCGAACGTTG,NexteraXT,IlluminaDNARNAUDISetABCDTagmentation
a_hyg_1_52,HM_071125_Tn5 HOKO Haploid_2025-07-10T21_30_03_22f3abc,a_hyg_1_52_AGGCCGTGGA_CTCGTGCGTT,NexteraXT,IlluminaDNARNAUDISetABCDTagmentation
a_hyg_1_53,HM_071125_Tn5 HOKO Haploid_2025-07-10T21_30_03_22f3abc,a_hyg_1_53_AACGAGGCCG_ATACCTGGAT,NexteraXT,IlluminaDNARNAUDISetABCDTagmentation
a_hyg_1_54,HM_071125_Tn5 HOKO Haploid_2025-07-10T21_30_03_22f3abc,a_hyg_1_54_CTTATTGGCC_GATAACAAGT,NexteraXT,IlluminaDNARNAUDISetABCDTagmentation
a_hyg_1_55,HM_071125_Tn5 HOKO Haploid_2025-07-10T21_30_03_22f3abc,a_hyg_1_55_GATTCTGAAT_AGCGGTGGAC,NexteraXT,IlluminaDNARNAUDISetABCDTagmentation
a_hyg_1_56,HM_071125_Tn5 HOKO Haploid_2025-07-10T21_30_03_22f3abc,a_hyg_1_56_CTAGATTGCG_AGATATGGCG,NexteraXT,IlluminaDNARNAUDISetABCDTagmentation
a_hyg_1_57,HM_071125_Tn5 HOKO Haploid_2025-07-10T21_30_03_22f3abc,a_hyg_1_57_TTAACCTTCG_AGGCCAGACA,NexteraXT,IlluminaDNARNAUDISetABCDTagmentation
a_hyg_1_58,HM_071125_Tn5 HOKO Haploid_2025-07-10T21_30_03_22f3abc,a_hyg_1_58_GTCCACCGCT_TCCTATTAGC,NexteraXT,IlluminaDNARNAUDISetABCDTagmentation
a_hyg_1_59,HM_071125_Tn5 HOKO Haploid_2025-07-10T21_30_03_22f3abc,a_hyg_1_59_AATGCGAACA_AATTGGCGGA,NexteraXT,IlluminaDNARNAUDISetABCDTagmentation
a_hyg_1_60,HM_071125_Tn5 HOKO Haploid_2025-07-10T21_30_03_22f3abc,a_hyg_1_60_CAACACCGCA_GGCAGTAGCA,NexteraXT,IlluminaDNARNAUDISetABCDTagmentation
a_hyg_1_61,HM_071125_Tn5 HOKO Haploid_2025-07-10T21_30_03_22f3abc,a_hyg_1_61_CTAGCTTCAA_TGTGTAAGCT,NexteraXT,IlluminaDNARNAUDISetABCDTagmentation
a_hyg_1_62,HM_071125_Tn5 HOKO Haploid_2025-07-10T21_30_03_22f3abc,a_hyg_1_62_TAATTAGCGT_TGGTTAAGAA,NexteraXT,IlluminaDNARNAUDISetABCDTagmentation
a_hyg_1_63,HM_071125_Tn5 HOKO Haploid_2025-07-10T21_30_03_22f3abc,a_hyg_1_63_ATACTTGTTC_TAACCGCCGA,NexteraXT,IlluminaDNARNAUDISetABCDTagmentation
a_hyg_1_64,HM_071125_Tn5 HOKO Haploid_2025-07-10T21_30_03_22f3abc,a_hyg_1_64_AGGAGGTATC_CCAGTTGGCA,NexteraXT,IlluminaDNARNAUDISetABCDTagmentation
a_hyg_1_65,HM_071125_Tn5 HOKO Haploid_2025-07-10T21_30_03_22f3abc,a_hyg_1_65_TGGTGTTATG_TCCAATTCTA,NexteraXT,IlluminaDNARNAUDISetABCDTagmentation
a_hyg_1_66,HM_071125_Tn5 HOKO Haploid_2025-07-10T21_30_03_22f3abc,a_hyg_1_66_ACAACTACTG_AGTTATCACA,NexteraXT,IlluminaDNARNAUDISetABCDTagmentation
a_hyg_1_67,HM_071125_Tn5 HOKO Haploid_2025-07-10T21_30_03_22f3abc,a_hyg_1_67_TAGAGAATAC_TATAGATTCG,NexteraXT,IlluminaDNARNAUDISetABCDTagmentation
a_hyg_1_68,HM_071125_Tn5 HOKO Haploid_2025-07-10T21_30_03_22f3abc,a_hyg_1_68_CGATGCGGTT_CCTGCTTGGT,NexteraXT,IlluminaDNARNAUDISetABCDTagmentation
a_hyg_1_69,HM_071125_Tn5 HOKO Haploid_2025-07-10T21_30_03_22f3abc,a_hyg_1_69_CATATGCGAT_CCTTGAACGG,NexteraXT,IlluminaDNARNAUDISetABCDTagmentation
a_hyg_1_70,HM_071125_Tn5 HOKO Haploid_2025-07-10T21_30_03_22f3abc,a_hyg_1_70_ATTGTTCGTC_TCTCTAGATT,NexteraXT,IlluminaDNARNAUDISetABCDTagmentation
a_hyg_1_71,HM_071125_Tn5 HOKO Haploid_2025-07-10T21_30_03_22f3abc,a_hyg_1_71_AATTCTTGGA_TTGTCAACTT,NexteraXT,IlluminaDNARNAUDISetABCDTagmentation
a_hyg_1_72,HM_071125_Tn5 HOKO Haploid_2025-07-10T21_30_03_22f3abc,a_hyg_1_72_CACCTTAATC_TTAGGATAGA,NexteraXT,IlluminaDNARNAUDISetABCDTagmentation
a_hyg_1_73,HM_071125_Tn5 HOKO Haploid_2025-07-10T21_30_03_22f3abc,a_hyg_1_73_TCCGTTATGT_TTGTAGTGTA,NexteraXT,IlluminaDNARNAUDISetABCDTagmentation
a_hyg_1_74,HM_071125_Tn5 HOKO Haploid_2025-07-10T21_30_03_22f3abc,a_hyg_1_74_ATTAACAAGG_TGTTGTTCGT,NexteraXT,IlluminaDNARNAUDISetABCDTagmentation
a_hyg_1_75,HM_071125_Tn5 HOKO Haploid_2025-07-10T21_30_03_22f3abc,a_hyg_1_75_TCCGCCAATT_CTCCGTGCTG,NexteraXT,IlluminaDNARNAUDISetABCDTagmentation
a_hyg_1_76,HM_071125_Tn5 HOKO Haploid_2025-07-10T21_30_03_22f3abc,a_hyg_1_76_GCTGACGTTG_TGTTCGCATT,NexteraXT,IlluminaDNARNAUDISetABCDTagmentation
a_hyg_1_77,HM_071125_Tn5 HOKO Haploid_2025-07-10T21_30_03_22f3abc,a_hyg_1_77_TGGCCTCTGT_TGAGACAGCG,NexteraXT,IlluminaDNARNAUDISetABCDTagmentation
a_hyg_1_78,HM_071125_Tn5 HOKO Haploid_2025-07-10T21_30_03_22f3abc,a_hyg_1_78_GTTGGATGAA_TTCCAGGTAA,NexteraXT,IlluminaDNARNAUDISetABCDTagmentation
a_hyg_1_79,HM_071125_Tn5 HOKO Haploid_2025-07-10T21_30_03_22f3abc,a_hyg_1_79_TTGTATCAGG_ACAGAGGCCA,NexteraXT,IlluminaDNARNAUDISetABCDTagmentation
a_hyg_1_80,HM_071125_Tn5 HOKO Haploid_2025-07-10T21_30_03_22f3abc,a_hyg_1_80_TCCGGACTAG_GACGAACAAT,NexteraXT,IlluminaDNARNAUDISetABCDTagmentation
a_hyg_1_81,HM_071125_Tn5 HOKO Haploid_2025-07-10T21_30_03_22f3abc,a_hyg_1_81_AGCCTATGAT_CACCACCTAC,NexteraXT,IlluminaDNARNAUDISetABCDTagmentation
a_hyg_1_82,HM_071125_Tn5 HOKO Haploid_2025-07-10T21_30_03_22f3abc,a_hyg_1_82_GGACCAGTGG_CGCGAGCCTA,NexteraXT,IlluminaDNARNAUDISetABCDTagmentation
a_hyg_1_83,HM_071125_Tn5 HOKO Haploid_2025-07-10T21_30_03_22f3abc,a_hyg_1_83_TTCCTACAGC_GGCGAATTCT,NexteraXT,IlluminaDNARNAUDISetABCDTagmentation
a_hyg_1_84,HM_071125_Tn5 HOKO Haploid_2025-07-10T21_30_03_22f3abc,a_hyg_1_84_TTGAATGTTG_CGCAATCTAG,NexteraXT,IlluminaDNARNAUDISetABCDTagmentation
a_hyg_1_85,HM_071125_Tn5 HOKO Haploid_2025-07-10T21_30_03_22f3abc,a_hyg_1_85_GGTCTATTAA_CCACGACACG,NexteraXT,IlluminaDNARNAUDISetABCDTagmentation
a_hyg_1_86,HM_071125_Tn5 HOKO Haploid_2025-07-10T21_30_03_22f3abc,a_hyg_1_86_TGATGGCTAC_CCAACAACAT,NexteraXT,IlluminaDNARNAUDISetABCDTagmentation
a_hyg_1_87,HM_071125_Tn5 HOKO Haploid_2025-07-10T21_30_03_22f3abc,a_hyg_1_87_AGGACAGGCC_CATTCCAGCT,NexteraXT,IlluminaDNARNAUDISetABCDTagmentation
a_hyg_1_88,HM_071125_Tn5 HOKO Haploid_2025-07-10T21_30_03_22f3abc,a_hyg_1_88_CTAATAACCG_AACCGCATCG,NexteraXT,IlluminaDNARNAUDISetABCDTagmentation
a_hyg_1_89,HM_071125_Tn5 HOKO Haploid_2025-07-10T21_30_03_22f3abc,a_hyg_1_89_CCAGGCACCA_ACGCTAATTA,NexteraXT,IlluminaDNARNAUDISetABCDTagmentation
a_hyg_1_90,HM_071125_Tn5 HOKO Haploid_2025-07-10T21_30_03_22f3abc,a_hyg_1_90_AATCCAATTG_CATGTAGAGG,NexteraXT,IlluminaDNARNAUDISetABCDTagmentation
a_hyg_1_91,HM_071125_Tn5 HOKO Haploid_2025-07-10T21_30_03_22f3abc,a_hyg_1_91_CACAGCGGTC_ATTCCTATTG,NexteraXT,IlluminaDNARNAUDISetABCDTagmentation
a_hyg_1_92,HM_071125_Tn5 HOKO Haploid_2025-07-10T21_30_03_22f3abc,a_hyg_1_92_GTGACGGAGC_TGGCGGTCCA,NexteraXT,IlluminaDNARNAUDISetABCDTagmentation
a_hyg_1_93,HM_071125_Tn5 HOKO Haploid_2025-07-10T21_30_03_22f3abc,a_hyg_1_93_TATGACAATC_TTGCTTGTAT,NexteraXT,IlluminaDNARNAUDISetABCDTagmentation
a_hyg_1_94,HM_071125_Tn5 HOKO Haploid_2025-07-10T21_30_03_22f3abc,a_hyg_1_94_CCTTCTAACA_GATAAGCTCT,NexteraXT,IlluminaDNARNAUDISetABCDTagmentation
a_hyg_1_95,HM_071125_Tn5 HOKO Haploid_2025-07-10T21_30_03_22f3abc,a_hyg_1_95_ATCCAGGTAT_CAACGTCAGC,NexteraXT,IlluminaDNARNAUDISetABCDTagmentation
a_hyg_1_96,HM_071125_Tn5 HOKO Haploid_2025-07-10T21_30_03_22f3abc,a_hyg_1_96_CCGGTAACAC_GAGTTGTACT,NexteraXT,IlluminaDNARNAUDISetABCDTagmentation
x_hyg_1_1,HM_071125_Tn5 HOKO Haploid_2025-07-10T21_30_03_22f3abc,x_hyg_1_1_ATCGTTACGG_GCTCCGGAAG,NexteraXT,IlluminaDNARNAUDISetABCDTagmentation
x_hyg_1_2,HM_071125_Tn5 HOKO Haploid_2025-07-10T21_30_03_22f3abc,x_hyg_1_2_AACCGAGTTC_GATCTCTGGA,NexteraXT,IlluminaDNARNAUDISetABCDTagmentation
x_hyg_1_3,HM_071125_Tn5 HOKO Haploid_2025-07-10T21_30_03_22f3abc,x_hyg_1_3_GCTAGACTAT_AATACGACAT,NexteraXT,IlluminaDNARNAUDISetABCDTagmentation
x_hyg_1_4,HM_071125_Tn5 HOKO Haploid_2025-07-10T21_30_03_22f3abc,x_hyg_1_4_CACTATCAAC_TCAGTTAATG,NexteraXT,IlluminaDNARNAUDISetABCDTagmentation
x_hyg_1_5,HM_071125_Tn5 HOKO Haploid_2025-07-10T21_30_03_22f3abc,x_hyg_1_5_TAGTGGAAGC_AGTACCTATA,NexteraXT,IlluminaDNARNAUDISetABCDTagmentation
x_hyg_1_6,HM_071125_Tn5 HOKO Haploid_2025-07-10T21_30_03_22f3abc,x_hyg_1_6_TACAAGACTT_CAGGTGTTCA,NexteraXT,IlluminaDNARNAUDISetABCDTagmentation
x_hyg_1_7,HM_071125_Tn5 HOKO Haploid_2025-07-10T21_30_03_22f3abc,x_hyg_1_7_TGAACGCGGA_CTTCGAAGGA,NexteraXT,IlluminaDNARNAUDISetABCDTagmentation
x_hyg_1_8,HM_071125_Tn5 HOKO Haploid_2025-07-10T21_30_03_22f3abc,x_hyg_1_8_ATGTCCAGCA_CAGCGGACAA,NexteraXT,IlluminaDNARNAUDISetABCDTagmentation
x_hyg_1_9,HM_071125_Tn5 HOKO Haploid_2025-07-10T21_30_03_22f3abc,x_hyg_1_9_GTAACAATCT_CTCTGTATAC,NexteraXT,IlluminaDNARNAUDISetABCDTagmentation
x_hyg_1_10,HM_071125_Tn5 HOKO Haploid_2025-07-10T21_30_03_22f3abc,x_hyg_1_10_CTAACCGAGA_TCGATGCGCG,NexteraXT,IlluminaDNARNAUDISetABCDTagmentation
x_hyg_1_11,HM_071125_Tn5 HOKO Haploid_2025-07-10T21_30_03_22f3abc,x_hyg_1_11_CCAATGATAC_GAGTGTGCCG,NexteraXT,IlluminaDNARNAUDISetABCDTagmentation
x_hyg_1_12,HM_071125_Tn5 HOKO Haploid_2025-07-10T21_30_03_22f3abc,x_hyg_1_12_TATCACTCTG_AACGTTACAT,NexteraXT,IlluminaDNARNAUDISetABCDTagmentation
x_hyg_1_13,HM_071125_Tn5 HOKO Haploid_2025-07-10T21_30_03_22f3abc,x_hyg_1_13_TCCTACGTCA_TACTTAAGTG,NexteraXT,IlluminaDNARNAUDISetABCDTagmentation
x_hyg_1_14,HM_071125_Tn5 HOKO Haploid_2025-07-10T21_30_03_22f3abc,x_hyg_1_14_TGTGATAACT_CAGGCGCCAT,NexteraXT,IlluminaDNARNAUDISetABCDTagmentation
x_hyg_1_15,HM_071125_Tn5 HOKO Haploid_2025-07-10T21_30_03_22f3abc,x_hyg_1_15_AGCTACTATA_GTTATATGGC,NexteraXT,IlluminaDNARNAUDISetABCDTagmentation
x_hyg_1_16,HM_071125_Tn5 HOKO Haploid_2025-07-10T21_30_03_22f3abc,x_hyg_1_16_CATCTACGTA_TGTAATTGAG,NexteraXT,IlluminaDNARNAUDISetABCDTagmentation
x_hyg_1_17,HM_071125_Tn5 HOKO Haploid_2025-07-10T21_30_03_22f3abc,x_hyg_1_17_CGCCATATCT_GACCGGAGAT,NexteraXT,IlluminaDNARNAUDISetABCDTagmentation
x_hyg_1_18,HM_071125_Tn5 HOKO Haploid_2025-07-10T21_30_03_22f3abc,x_hyg_1_18_CTGTGGTGAC_GACAGACAGG,NexteraXT,IlluminaDNARNAUDISetABCDTagmentation
x_hyg_1_19,HM_071125_Tn5 HOKO Haploid_2025-07-10T21_30_03_22f3abc,x_hyg_1_19_AAGAGAGTCT_TACGAATCTT,NexteraXT,IlluminaDNARNAUDISetABCDTagmentation
x_hyg_1_20,HM_071125_Tn5 HOKO Haploid_2025-07-10T21_30_03_22f3abc,x_hyg_1_20_CAACGTTCGG_GGATCCGCAT,NexteraXT,IlluminaDNARNAUDISetABCDTagmentation
x_hyg_1_21,HM_071125_Tn5 HOKO Haploid_2025-07-10T21_30_03_22f3abc,x_hyg_1_21_CCATGGTATA_TCTCGCGGAG,NexteraXT,IlluminaDNARNAUDISetABCDTagmentation
x_hyg_1_22,HM_071125_Tn5 HOKO Haploid_2025-07-10T21_30_03_22f3abc,x_hyg_1_22_AGTGTCTAGG_CCTAGAAGCA,NexteraXT,IlluminaDNARNAUDISetABCDTagmentation
x_hyg_1_23,HM_071125_Tn5 HOKO Haploid_2025-07-10T21_30_03_22f3abc,x_hyg_1_23_GAGGCCTATT_CTAGTCCGGA,NexteraXT,IlluminaDNARNAUDISetABCDTagmentation
x_hyg_1_24,HM_071125_Tn5 HOKO Haploid_2025-07-10T21_30_03_22f3abc,x_hyg_1_24_AGAATTCGCC_CGGCAAGCTC,NexteraXT,IlluminaDNARNAUDISetABCDTagmentation
x_hyg_1_25,HM_071125_Tn5 HOKO Haploid_2025-07-10T21_30_03_22f3abc,x_hyg_1_25_GTTATATCGC_AAGACAAGGA,NexteraXT,IlluminaDNARNAUDISetABCDTagmentation
x_hyg_1_26,HM_071125_Tn5 HOKO Haploid_2025-07-10T21_30_03_22f3abc,x_hyg_1_26_AGTATGCTAC_TTAATAGACC,NexteraXT,IlluminaDNARNAUDISetABCDTagmentation
x_hyg_1_27,HM_071125_Tn5 HOKO Haploid_2025-07-10T21_30_03_22f3abc,x_hyg_1_27_CCACCGGAGT_GCCTGCCATG,NexteraXT,IlluminaDNARNAUDISetABCDTagmentation
x_hyg_1_28,HM_071125_Tn5 HOKO Haploid_2025-07-10T21_30_03_22f3abc,x_hyg_1_28_TTACAGTTAG_ACATGCATAT,NexteraXT,IlluminaDNARNAUDISetABCDTagmentation
x_hyg_1_29,HM_071125_Tn5 HOKO Haploid_2025-07-10T21_30_03_22f3abc,x_hyg_1_29_GCAGCCTCAA_TAAGTGCTAG,NexteraXT,IlluminaDNARNAUDISetABCDTagmentation
x_hyg_1_30,HM_071125_Tn5 HOKO Haploid_2025-07-10T21_30_03_22f3abc,x_hyg_1_30_CTCCACTAAT_TGTACTTGTT,NexteraXT,IlluminaDNARNAUDISetABCDTagmentation
x_hyg_1_31,HM_071125_Tn5 HOKO Haploid_2025-07-10T21_30_03_22f3abc,x_hyg_1_31_TTCATGGTTC_GACATTGTCA,NexteraXT,IlluminaDNARNAUDISetABCDTagmentation
x_hyg_1_32,HM_071125_Tn5 HOKO Haploid_2025-07-10T21_30_03_22f3abc,x_hyg_1_32_GCGTATTAAT_TGCGGTGTTG,NexteraXT,IlluminaDNARNAUDISetABCDTagmentation
x_hyg_1_33,HM_071125_Tn5 HOKO Haploid_2025-07-10T21_30_03_22f3abc,x_hyg_1_33_TCATACCGTT_GGTAACGCAG,NexteraXT,IlluminaDNARNAUDISetABCDTagmentation
x_hyg_1_34,HM_071125_Tn5 HOKO Haploid_2025-07-10T21_30_03_22f3abc,x_hyg_1_34_GAGGAGCTTC_GACGTATACA,NexteraXT,IlluminaDNARNAUDISetABCDTagmentation
x_hyg_1_35,HM_071125_Tn5 HOKO Haploid_2025-07-10T21_30_03_22f3abc,x_hyg_1_35_AGCTAAGCGG_ATTAATACGC,NexteraXT,IlluminaDNARNAUDISetABCDTagmentation
x_hyg_1_36,HM_071125_Tn5 HOKO Haploid_2025-07-10T21_30_03_22f3abc,x_hyg_1_36_CCTGACCACT_TCTTGGCTAT,NexteraXT,IlluminaDNARNAUDISetABCDTagmentation
x_hyg_1_37,HM_071125_Tn5 HOKO Haploid_2025-07-10T21_30_03_22f3abc,x_hyg_1_37_GTTGGCCATC_TGACATTCGT,NexteraXT,IlluminaDNARNAUDISetABCDTagmentation
x_hyg_1_38,HM_071125_Tn5 HOKO Haploid_2025-07-10T21_30_03_22f3abc,x_hyg_1_38_GTAACTGAAG_GGAGTCGCGA,NexteraXT,IlluminaDNARNAUDISetABCDTagmentation
x_hyg_1_39,HM_071125_Tn5 HOKO Haploid_2025-07-10T21_30_03_22f3abc,x_hyg_1_39_CTTACCGCAC_TAAGACCTAT,NexteraXT,IlluminaDNARNAUDISetABCDTagmentation
x_hyg_1_40,HM_071125_Tn5 HOKO Haploid_2025-07-10T21_30_03_22f3abc,x_hyg_1_40_CTAAGTACGC_AACATACCTA,NexteraXT,IlluminaDNARNAUDISetABCDTagmentation
x_hyg_1_41,HM_071125_Tn5 HOKO Haploid_2025-07-10T21_30_03_22f3abc,x_hyg_1_41_ACTAGCGCTA_TTACTTCCTC,NexteraXT,IlluminaDNARNAUDISetABCDTagmentation
x_hyg_1_42,HM_071125_Tn5 HOKO Haploid_2025-07-10T21_30_03_22f3abc,x_hyg_1_42_ATAGTTAGCA_CTCTAAGTAG,NexteraXT,IlluminaDNARNAUDISetABCDTagmentation
x_hyg_1_43,HM_071125_Tn5 HOKO Haploid_2025-07-10T21_30_03_22f3abc,x_hyg_1_43_CTCTCGGCTA_TACCAGATCT,NexteraXT,IlluminaDNARNAUDISetABCDTagmentation
x_hyg_1_44,HM_071125_Tn5 HOKO Haploid_2025-07-10T21_30_03_22f3abc,x_hyg_1_44_CCGAATCTGG_ATGAATCAAG,NexteraXT,IlluminaDNARNAUDISetABCDTagmentation
x_hyg_1_45,HM_071125_Tn5 HOKO Haploid_2025-07-10T21_30_03_22f3abc,x_hyg_1_45_GGCGCCATTG_ACCGCGCAAT,NexteraXT,IlluminaDNARNAUDISetABCDTagmentation
x_hyg_1_46,HM_071125_Tn5 HOKO Haploid_2025-07-10T21_30_03_22f3abc,x_hyg_1_46_TCATCTACTA_TAGGCGACTT,NexteraXT,IlluminaDNARNAUDISetABCDTagmentation
x_hyg_1_47,HM_071125_Tn5 HOKO Haploid_2025-07-10T21_30_03_22f3abc,x_hyg_1_47_CTTCCTAGGA_CCTAGAGTAT,NexteraXT,IlluminaDNARNAUDISetABCDTagmentation
x_hyg_1_48,HM_071125_Tn5 HOKO Haploid_2025-07-10T21_30_03_22f3abc,x_hyg_1_48_AGCTGGAATG_ACGGAATGCG,NexteraXT,IlluminaDNARNAUDISetABCDTagmentation
x_hyg_1_49,HM_071125_Tn5 HOKO Haploid_2025-07-10T21_30_03_22f3abc,x_hyg_1_49_TCCTGGTTGT_CTGACCGGCA,NexteraXT,IlluminaDNARNAUDISetABCDTagmentation
x_hyg_1_50,HM_071125_Tn5 HOKO Haploid_2025-07-10T21_30_03_22f3abc,x_hyg_1_50_TCCTCGGACT_AACGCCAGAG,NexteraXT,IlluminaDNARNAUDISetABCDTagmentation
x_hyg_1_51,HM_071125_Tn5 HOKO Haploid_2025-07-10T21_30_03_22f3abc,x_hyg_1_51_TTAGGATATC_TATACCATGG,NexteraXT,IlluminaDNARNAUDISetABCDTagmentation
x_hyg_1_52,HM_071125_Tn5 HOKO Haploid_2025-07-10T21_30_03_22f3abc,x_hyg_1_52_CTAGAGCGCA_GCTTCTAGCA,NexteraXT,IlluminaDNARNAUDISetABCDTagmentation
x_hyg_1_53,HM_071125_Tn5 HOKO Haploid_2025-07-10T21_30_03_22f3abc,x_hyg_1_53_GCTCTTAACT_CACGTCCACC,NexteraXT,IlluminaDNARNAUDISetABCDTagmentation
x_hyg_1_54,HM_071125_Tn5 HOKO Haploid_2025-07-10T21_30_03_22f3abc,x_hyg_1_54_ATAGGTCTTA_GTCACCACAG,NexteraXT,IlluminaDNARNAUDISetABCDTagmentation
x_hyg_1_55,HM_071125_Tn5 HOKO Haploid_2025-07-10T21_30_03_22f3abc,x_hyg_1_55_CACTAGACCA_ACTGCCTTAT,NexteraXT,IlluminaDNARNAUDISetABCDTagmentation
x_hyg_1_56,HM_071125_Tn5 HOKO Haploid_2025-07-10T21_30_03_22f3abc,x_hyg_1_56_TCTCAATACC_GACGTTCGCG,NexteraXT,IlluminaDNARNAUDISetABCDTagmentation
x_hyg_1_57,HM_071125_Tn5 HOKO Haploid_2025-07-10T21_30_03_22f3abc,x_hyg_1_57_AGCGAATTAG_AGCCGGAACA,NexteraXT,IlluminaDNARNAUDISetABCDTagmentation
x_hyg_1_58,HM_071125_Tn5 HOKO Haploid_2025-07-10T21_30_03_22f3abc,x_hyg_1_58_GTAGGCGAGC_TAGGAGCGCA,NexteraXT,IlluminaDNARNAUDISetABCDTagmentation
x_hyg_1_59,HM_071125_Tn5 HOKO Haploid_2025-07-10T21_30_03_22f3abc,x_hyg_1_59_CGATCTGTGA_TAGGAAGACT,NexteraXT,IlluminaDNARNAUDISetABCDTagmentation
x_hyg_1_60,HM_071125_Tn5 HOKO Haploid_2025-07-10T21_30_03_22f3abc,x_hyg_1_60_CCTTGGCATC_GACCGATTCG,NexteraXT,IlluminaDNARNAUDISetABCDTagmentation
x_hyg_1_61,HM_071125_Tn5 HOKO Haploid_2025-07-10T21_30_03_22f3abc,x_hyg_1_61_TAATTCTGCT_TCTCATCAAT,NexteraXT,IlluminaDNARNAUDISetABCDTagmentation
x_hyg_1_62,HM_071125_Tn5 HOKO Haploid_2025-07-10T21_30_03_22f3abc,x_hyg_1_62_CTGGAACTGT_CGTAATTAAC,NexteraXT,IlluminaDNARNAUDISetABCDTagmentation
x_hyg_1_63,HM_071125_Tn5 HOKO Haploid_2025-07-10T21_30_03_22f3abc,x_hyg_1_63_TTATACGCGA_GCCGTCTGTT,NexteraXT,IlluminaDNARNAUDISetABCDTagmentation
x_hyg_1_64,HM_071125_Tn5 HOKO Haploid_2025-07-10T21_30_03_22f3abc,x_hyg_1_64_TCGATCACGC_CATAGAGCCT,NexteraXT,IlluminaDNARNAUDISetABCDTagmentation
x_hyg_1_65,HM_071125_Tn5 HOKO Haploid_2025-07-10T21_30_03_22f3abc,x_hyg_1_65_GTGGTATCTG_GCTACTATCT,NexteraXT,IlluminaDNARNAUDISetABCDTagmentation
x_hyg_1_66,HM_071125_Tn5 HOKO Haploid_2025-07-10T21_30_03_22f3abc,x_hyg_1_66_TTCTTAACCA_TCTACATACC,NexteraXT,IlluminaDNARNAUDISetABCDTagmentation
x_hyg_1_67,HM_071125_Tn5 HOKO Haploid_2025-07-10T21_30_03_22f3abc,x_hyg_1_67_ATTATCCACT_TACGCACGTA,NexteraXT,IlluminaDNARNAUDISetABCDTagmentation
x_hyg_1_68,HM_071125_Tn5 HOKO Haploid_2025-07-10T21_30_03_22f3abc,x_hyg_1_68_AAGCATCTTG_CATTCAACAA,NexteraXT,IlluminaDNARNAUDISetABCDTagmentation
x_hyg_1_69,HM_071125_Tn5 HOKO Haploid_2025-07-10T21_30_03_22f3abc,x_hyg_1_69_TTAGACCATG_TCCTAGGAAG,NexteraXT,IlluminaDNARNAUDISetABCDTagmentation
x_hyg_1_70,HM_071125_Tn5 HOKO Haploid_2025-07-10T21_30_03_22f3abc,x_hyg_1_70_AACTTATCCT_GTACTGGCGT,NexteraXT,IlluminaDNARNAUDISetABCDTagmentation
x_hyg_1_71,HM_071125_Tn5 HOKO Haploid_2025-07-10T21_30_03_22f3abc,x_hyg_1_71_GTGGACAAGT_CCGTGGCCTT,NexteraXT,IlluminaDNARNAUDISetABCDTagmentation
x_hyg_1_72,HM_071125_Tn5 HOKO Haploid_2025-07-10T21_30_03_22f3abc,x_hyg_1_72_TATAGGTACT_TAGGTGAGAT,NexteraXT,IlluminaDNARNAUDISetABCDTagmentation
x_hyg_1_73,HM_071125_Tn5 HOKO Haploid_2025-07-10T21_30_03_22f3abc,x_hyg_1_73_CGCACGACTG_GGACCAACAG,NexteraXT,IlluminaDNARNAUDISetABCDTagmentation
x_hyg_1_74,HM_071125_Tn5 HOKO Haploid_2025-07-10T21_30_03_22f3abc,x_hyg_1_74_GAATATGCGG_ACGAGACTGA,NexteraXT,IlluminaDNARNAUDISetABCDTagmentation
x_hyg_1_75,HM_071125_Tn5 HOKO Haploid_2025-07-10T21_30_03_22f3abc,x_hyg_1_75_CGCTTAGAAT_CAGAGTGATA,NexteraXT,IlluminaDNARNAUDISetABCDTagmentation
x_hyg_1_76,HM_071125_Tn5 HOKO Haploid_2025-07-10T21_30_03_22f3abc,x_hyg_1_76_AACCTGGCTC_TGAGTATGTT,NexteraXT,IlluminaDNARNAUDISetABCDTagmentation
x_hyg_1_77,HM_071125_Tn5 HOKO Haploid_2025-07-10T21_30_03_22f3abc,x_hyg_1_77_TGACGGCCGT_AGTCAACCAT,NexteraXT,IlluminaDNARNAUDISetABCDTagmentation
x_hyg_1_78,HM_071125_Tn5 HOKO Haploid_2025-07-10T21_30_03_22f3abc,x_hyg_1_78_AAGGAAGAGT_CACGTTAGGC,NexteraXT,IlluminaDNARNAUDISetABCDTagmentation
x_hyg_1_79,HM_071125_Tn5 HOKO Haploid_2025-07-10T21_30_03_22f3abc,x_hyg_1_79_ATGGCGTGCC_CGCTTGAAGT,NexteraXT,IlluminaDNARNAUDISetABCDTagmentation
x_hyg_1_80,HM_071125_Tn5 HOKO Haploid_2025-07-10T21_30_03_22f3abc,x_hyg_1_80_TCAGTCTCGT_CACGGATTAT,NexteraXT,IlluminaDNARNAUDISetABCDTagmentation
x_hyg_1_81,HM_071125_Tn5 HOKO Haploid_2025-07-10T21_30_03_22f3abc,x_hyg_1_81_CACACAGTAT_TTGAGCCTAA,NexteraXT,IlluminaDNARNAUDISetABCDTagmentation
x_hyg_1_82,HM_071125_Tn5 HOKO Haploid_2025-07-10T21_30_03_22f3abc,x_hyg_1_82_ATTATGTCTC_AGTTAAGAGC,NexteraXT,IlluminaDNARNAUDISetABCDTagmentation
x_hyg_1_83,HM_071125_Tn5 HOKO Haploid_2025-07-10T21_30_03_22f3abc,x_hyg_1_83_AACAAGTACA_GGATATATCC,NexteraXT,IlluminaDNARNAUDISetABCDTagmentation
x_hyg_1_84,HM_071125_Tn5 HOKO Haploid_2025-07-10T21_30_03_22f3abc,x_hyg_1_84_CAAGTCTACA_CACGTACGTG,NexteraXT,IlluminaDNARNAUDISetABCDTagmentation
x_hyg_1_85,HM_071125_Tn5 HOKO Haploid_2025-07-10T21_30_03_22f3abc,x_hyg_1_85_GAGGTTAGAC_AATGTATTGC,NexteraXT,IlluminaDNARNAUDISetABCDTagmentation
x_hyg_1_86,HM_071125_Tn5 HOKO Haploid_2025-07-10T21_30_03_22f3abc,x_hyg_1_86_GATCGGATAA_GTATCGGCCG,NexteraXT,IlluminaDNARNAUDISetABCDTagmentation
x_hyg_1_87,HM_071125_Tn5 HOKO Haploid_2025-07-10T21_30_03_22f3abc,x_hyg_1_87_CCGAAGCGCT_TGCTAACTAT,NexteraXT,IlluminaDNARNAUDISetABCDTagmentation
x_hyg_1_88,HM_071125_Tn5 HOKO Haploid_2025-07-10T21_30_03_22f3abc,x_hyg_1_88_TTATGGAAGT_GACAATAACA,NexteraXT,IlluminaDNARNAUDISetABCDTagmentation
x_hyg_1_89,HM_071125_Tn5 HOKO Haploid_2025-07-10T21_30_03_22f3abc,x_hyg_1_89_CAGTAATTAC_CGAGGCGGTA,NexteraXT,IlluminaDNARNAUDISetABCDTagmentation
x_hyg_1_90,HM_071125_Tn5 HOKO Haploid_2025-07-10T21_30_03_22f3abc,x_hyg_1_90_GGAAGGAGAC_TGGTGAGTCT,NexteraXT,IlluminaDNARNAUDISetABCDTagmentation
x_hyg_1_91,HM_071125_Tn5 HOKO Haploid_2025-07-10T21_30_03_22f3abc,x_hyg_1_91_TCCAGAGATC_CTGCACTTCA,NexteraXT,IlluminaDNARNAUDISetABCDTagmentation
x_hyg_1_92,HM_071125_Tn5 HOKO Haploid_2025-07-10T21_30_03_22f3abc,x_hyg_1_92_GTATAGAACA_TGTCACAGGA,NexteraXT,IlluminaDNARNAUDISetABCDTagmentation
x_hyg_1_93,HM_071125_Tn5 HOKO Haploid_2025-07-10T21_30_03_22f3abc,x_hyg_1_93_TCTTGTCGGC_CCACCTGTGT,NexteraXT,IlluminaDNARNAUDISetABCDTagmentation
x_hyg_1_94,HM_071125_Tn5 HOKO Haploid_2025-07-10T21_30_03_22f3abc,x_hyg_1_94_TATAACAGCT_TCGCGTATAA,NexteraXT,IlluminaDNARNAUDISetABCDTagmentation
x_hyg_1_95,HM_071125_Tn5 HOKO Haploid_2025-07-10T21_30_03_22f3abc,x_hyg_1_95_AGATTAAGTG_CACCTCTTGG,NexteraXT,IlluminaDNARNAUDISetABCDTagmentation
x_hyg_1_96,HM_071125_Tn5 HOKO Haploid_2025-07-10T21_30_03_22f3abc,x_hyg_1_96_GAGAAGAGGA_TTGACCTAAC,NexteraXT,IlluminaDNARNAUDISetABCDTagmentation
a_kan_1_1,HM_071125_Tn5 HOKO Haploid_2025-07-10T21_30_03_22f3abc,a_kan_1_1_AGATAGTAGC_GGCACGCCAT,NexteraXT,IlluminaDNARNAUDISetABCDTagmentation
a_kan_1_2,HM_071125_Tn5 HOKO Haploid_2025-07-10T21_30_03_22f3abc,a_kan_1_2_GAAGACTAGA_ACTAGAACTT,NexteraXT,IlluminaDNARNAUDISetABCDTagmentation
a_kan_1_3,HM_071125_Tn5 HOKO Haploid_2025-07-10T21_30_03_22f3abc,a_kan_1_3_ATACATCACA_TCTCCATTGA,NexteraXT,IlluminaDNARNAUDISetABCDTagmentation
a_kan_1_4,HM_071125_Tn5 HOKO Haploid_2025-07-10T21_30_03_22f3abc,a_kan_1_4_TTAATAGCAC_ACCACGTCTG,NexteraXT,IlluminaDNARNAUDISetABCDTagmentation
a_kan_1_5,HM_071125_Tn5 HOKO Haploid_2025-07-10T21_30_03_22f3abc,a_kan_1_5_GTAACTCCGC_AATAGAACGG,NexteraXT,IlluminaDNARNAUDISetABCDTagmentation
a_kan_1_6,HM_071125_Tn5 HOKO Haploid_2025-07-10T21_30_03_22f3abc,a_kan_1_6_GAGCTTGCCG_AGGTTGCAGG,NexteraXT,IlluminaDNARNAUDISetABCDTagmentation
a_kan_1_7,HM_071125_Tn5 HOKO Haploid_2025-07-10T21_30_03_22f3abc,a_kan_1_7_TGTAAGGTGG_AAGGCCTTGG,NexteraXT,IlluminaDNARNAUDISetABCDTagmentation
a_kan_1_8,HM_071125_Tn5 HOKO Haploid_2025-07-10T21_30_03_22f3abc,a_kan_1_8_CTGAATTAGT_AATTCGATCG,NexteraXT,IlluminaDNARNAUDISetABCDTagmentation
a_kan_1_9,HM_071125_Tn5 HOKO Haploid_2025-07-10T21_30_03_22f3abc,a_kan_1_9_GATATCACAC_GACTATATGT,NexteraXT,IlluminaDNARNAUDISetABCDTagmentation
a_kan_1_10,HM_071125_Tn5 HOKO Haploid_2025-07-10T21_30_03_22f3abc,a_kan_1_10_GTGTACCTTC_CTGTGAGCTA,NexteraXT,IlluminaDNARNAUDISetABCDTagmentation
a_kan_1_11,HM_071125_Tn5 HOKO Haploid_2025-07-10T21_30_03_22f3abc,a_kan_1_11_GATGAATTCA_TGCTGTGATT,NexteraXT,IlluminaDNARNAUDISetABCDTagmentation
a_kan_1_12,HM_071125_Tn5 HOKO Haploid_2025-07-10T21_30_03_22f3abc,a_kan_1_12_TGAGTACAAC_ACGCTTGGAC,NexteraXT,IlluminaDNARNAUDISetABCDTagmentation
a_kan_1_13,HM_071125_Tn5 HOKO Haploid_2025-07-10T21_30_03_22f3abc,a_kan_1_13_ATTAGAAGAC_GCAGGCTGGA,NexteraXT,IlluminaDNARNAUDISetABCDTagmentation
a_kan_1_14,HM_071125_Tn5 HOKO Haploid_2025-07-10T21_30_03_22f3abc,a_kan_1_14_CCAGGTTATC_GAATGCAGTT,NexteraXT,IlluminaDNARNAUDISetABCDTagmentation
a_kan_1_15,HM_071125_Tn5 HOKO Haploid_2025-07-10T21_30_03_22f3abc,a_kan_1_15_TAGGTATGTT_CGAGACCAAG,NexteraXT,IlluminaDNARNAUDISetABCDTagmentation
a_kan_1_16,HM_071125_Tn5 HOKO Haploid_2025-07-10T21_30_03_22f3abc,a_kan_1_16_CATTCACGCT_GTTGTACTCA,NexteraXT,IlluminaDNARNAUDISetABCDTagmentation
a_kan_1_17,HM_071125_Tn5 HOKO Haploid_2025-07-10T21_30_03_22f3abc,a_kan_1_17_CTCGTAGGCA_TCATCCTCTT,NexteraXT,IlluminaDNARNAUDISetABCDTagmentation
a_kan_1_18,HM_071125_Tn5 HOKO Haploid_2025-07-10T21_30_03_22f3abc,a_kan_1_18_AGCTAGCTTC_TAATACGGAG,NexteraXT,IlluminaDNARNAUDISetABCDTagmentation
a_kan_1_19,HM_071125_Tn5 HOKO Haploid_2025-07-10T21_30_03_22f3abc,a_kan_1_19_CAACTGCAAC_TGAACGCAAC,NexteraXT,IlluminaDNARNAUDISetABCDTagmentation
a_kan_1_20,HM_071125_Tn5 HOKO Haploid_2025-07-10T21_30_03_22f3abc,a_kan_1_20_TAAGGAGGAA_TTCCGACATT,NexteraXT,IlluminaDNARNAUDISetABCDTagmentation
a_kan_1_21,HM_071125_Tn5 HOKO Haploid_2025-07-10T21_30_03_22f3abc,a_kan_1_21_AGCGCTGTGT_CGTTCGGAAC,NexteraXT,IlluminaDNARNAUDISetABCDTagmentation
a_kan_1_22,HM_071125_Tn5 HOKO Haploid_2025-07-10T21_30_03_22f3abc,a_kan_1_22_ACCTGGCCAA_TCACAGATCG,NexteraXT,IlluminaDNARNAUDISetABCDTagmentation
a_kan_1_23,HM_071125_Tn5 HOKO Haploid_2025-07-10T21_30_03_22f3abc,a_kan_1_23_ATCCGGCAGC_GATCGAATAA,NexteraXT,IlluminaDNARNAUDISetABCDTagmentation
a_kan_1_24,HM_071125_Tn5 HOKO Haploid_2025-07-10T21_30_03_22f3abc,a_kan_1_24_CCGCGGTTCT_GGAGTAGATT,NexteraXT,IlluminaDNARNAUDISetABCDTagmentation
a_kan_1_25,HM_071125_Tn5 HOKO Haploid_2025-07-10T21_30_03_22f3abc,a_kan_1_25_GCTCGCACAT_ATGGCTTAAT,NexteraXT,IlluminaDNARNAUDISetABCDTagmentation
a_kan_1_26,HM_071125_Tn5 HOKO Haploid_2025-07-10T21_30_03_22f3abc,a_kan_1_26_TTCACTCACT_TATCATGAGA,NexteraXT,IlluminaDNARNAUDISetABCDTagmentation
a_kan_1_27,HM_071125_Tn5 HOKO Haploid_2025-07-10T21_30_03_22f3abc,a_kan_1_27_CACCTAGCAC_TGCTGGACAT,NexteraXT,IlluminaDNARNAUDISetABCDTagmentation
a_kan_1_28,HM_071125_Tn5 HOKO Haploid_2025-07-10T21_30_03_22f3abc,a_kan_1_28_GGCACTAAGG_TCAGGTCAAC,NexteraXT,IlluminaDNARNAUDISetABCDTagmentation
a_kan_1_29,HM_071125_Tn5 HOKO Haploid_2025-07-10T21_30_03_22f3abc,a_kan_1_29_AAGTTCTAGT_GGTAAGATAA,NexteraXT,IlluminaDNARNAUDISetABCDTagmentation
a_kan_1_30,HM_071125_Tn5 HOKO Haploid_2025-07-10T21_30_03_22f3abc,a_kan_1_30_CAATCCTTGT_CGAAGACGCA,NexteraXT,IlluminaDNARNAUDISetABCDTagmentation
a_kan_1_31,HM_071125_Tn5 HOKO Haploid_2025-07-10T21_30_03_22f3abc,a_kan_1_31_ACATGAGTGA_CCGCTTAGCT,NexteraXT,IlluminaDNARNAUDISetABCDTagmentation
a_kan_1_32,HM_071125_Tn5 HOKO Haploid_2025-07-10T21_30_03_22f3abc,a_kan_1_32_AGCTTACACA_TGGCACGACC,NexteraXT,IlluminaDNARNAUDISetABCDTagmentation
a_kan_1_33,HM_071125_Tn5 HOKO Haploid_2025-07-10T21_30_03_22f3abc,a_kan_1_33_TCACCGCGCT_TCGATACTAG,NexteraXT,IlluminaDNARNAUDISetABCDTagmentation
a_kan_1_34,HM_071125_Tn5 HOKO Haploid_2025-07-10T21_30_03_22f3abc,a_kan_1_34_TGTCTGGCCT_AGAAGCCAAT,NexteraXT,IlluminaDNARNAUDISetABCDTagmentation
a_kan_1_35,HM_071125_Tn5 HOKO Haploid_2025-07-10T21_30_03_22f3abc,a_kan_1_35_ACGAACCATG_ACTGAATTAC,NexteraXT,IlluminaDNARNAUDISetABCDTagmentation
a_kan_1_36,HM_071125_Tn5 HOKO Haploid_2025-07-10T21_30_03_22f3abc,a_kan_1_36_ATTGATACTG_TACACGCTCC,NexteraXT,IlluminaDNARNAUDISetABCDTagmentation
a_kan_1_37,HM_071125_Tn5 HOKO Haploid_2025-07-10T21_30_03_22f3abc,a_kan_1_37_AATATTGCCA_CGGTGACACC,NexteraXT,IlluminaDNARNAUDISetABCDTagmentation
a_kan_1_38,HM_071125_Tn5 HOKO Haploid_2025-07-10T21_30_03_22f3abc,a_kan_1_38_GGTCCGCTTC_CTCACACAAG,NexteraXT,IlluminaDNARNAUDISetABCDTagmentation
a_kan_1_39,HM_071125_Tn5 HOKO Haploid_2025-07-10T21_30_03_22f3abc,a_kan_1_39_TTCAAGTATG_GATGGTATCG,NexteraXT,IlluminaDNARNAUDISetABCDTagmentation
a_kan_1_40,HM_071125_Tn5 HOKO Haploid_2025-07-10T21_30_03_22f3abc,a_kan_1_40_ATTCGGTACA_AGTCCGAGGA,NexteraXT,IlluminaDNARNAUDISetABCDTagmentation
a_kan_1_41,HM_071125_Tn5 HOKO Haploid_2025-07-10T21_30_03_22f3abc,a_kan_1_41_CCAAGAGGTG_AACGAGCCAG,NexteraXT,IlluminaDNARNAUDISetABCDTagmentation
a_kan_1_42,HM_071125_Tn5 HOKO Haploid_2025-07-10T21_30_03_22f3abc,a_kan_1_42_CACCTGTTGC_ATTGACACAT,NexteraXT,IlluminaDNARNAUDISetABCDTagmentation
a_kan_1_43,HM_071125_Tn5 HOKO Haploid_2025-07-10T21_30_03_22f3abc,a_kan_1_43_GCAACCAGTC_CACCGAGGAA,NexteraXT,IlluminaDNARNAUDISetABCDTagmentation
a_kan_1_44,HM_071125_Tn5 HOKO Haploid_2025-07-10T21_30_03_22f3abc,a_kan_1_44_AACCAGCCAC_GCCACAGCAC,NexteraXT,IlluminaDNARNAUDISetABCDTagmentation
a_kan_1_45,HM_071125_Tn5 HOKO Haploid_2025-07-10T21_30_03_22f3abc,a_kan_1_45_GATAGCCTTG_TACCACAATG,NexteraXT,IlluminaDNARNAUDISetABCDTagmentation
a_kan_1_46,HM_071125_Tn5 HOKO Haploid_2025-07-10T21_30_03_22f3abc,a_kan_1_46_AGTTAATGCT_ACTGCAGCCG,NexteraXT,IlluminaDNARNAUDISetABCDTagmentation
a_kan_1_47,HM_071125_Tn5 HOKO Haploid_2025-07-10T21_30_03_22f3abc,a_kan_1_47_CAACCAAGTA_CCATCCACGC,NexteraXT,IlluminaDNARNAUDISetABCDTagmentation
a_kan_1_48,HM_071125_Tn5 HOKO Haploid_2025-07-10T21_30_03_22f3abc,a_kan_1_48_GGATTATGGA_TCCGATAGAG,NexteraXT,IlluminaDNARNAUDISetABCDTagmentation
a_kan_1_49,HM_071125_Tn5 HOKO Haploid_2025-07-10T21_30_03_22f3abc,a_kan_1_49_TCGTGCATTC_GCGTTGGTAT,NexteraXT,IlluminaDNARNAUDISetABCDTagmentation
a_kan_1_50,HM_071125_Tn5 HOKO Haploid_2025-07-10T21_30_03_22f3abc,a_kan_1_50_TAGTGGCTTG_AGTTACTTGG,NexteraXT,IlluminaDNARNAUDISetABCDTagmentation
a_kan_1_51,HM_071125_Tn5 HOKO Haploid_2025-07-10T21_30_03_22f3abc,a_kan_1_51_TTAAGACAAG_GGCTTAATTG,NexteraXT,IlluminaDNARNAUDISetABCDTagmentation
a_kan_1_52,HM_071125_Tn5 HOKO Haploid_2025-07-10T21_30_03_22f3abc,a_kan_1_52_ACTAATCTCC_CACTTAATCT,NexteraXT,IlluminaDNARNAUDISetABCDTagmentation
a_kan_1_53,HM_071125_Tn5 HOKO Haploid_2025-07-10T21_30_03_22f3abc,a_kan_1_53_ATATCTGCTT_TAGACAATCT,NexteraXT,IlluminaDNARNAUDISetABCDTagmentation
a_kan_1_54,HM_071125_Tn5 HOKO Haploid_2025-07-10T21_30_03_22f3abc,a_kan_1_54_CGTCACCTTG_CAGCCGATTG,NexteraXT,IlluminaDNARNAUDISetABCDTagmentation
a_kan_1_55,HM_071125_Tn5 HOKO Haploid_2025-07-10T21_30_03_22f3abc,a_kan_1_55_GAGCGACGAT_CGTATAATCA,NexteraXT,IlluminaDNARNAUDISetABCDTagmentation
a_kan_1_56,HM_071125_Tn5 HOKO Haploid_2025-07-10T21_30_03_22f3abc,a_kan_1_56_CTTAAGTCGA_CAGTAGTTGT,NexteraXT,IlluminaDNARNAUDISetABCDTagmentation
a_kan_1_57,HM_071125_Tn5 HOKO Haploid_2025-07-10T21_30_03_22f3abc,a_kan_1_57_CCTGGACGCA_TGGTATACCA,NexteraXT,IlluminaDNARNAUDISetABCDTagmentation
a_kan_1_58,HM_071125_Tn5 HOKO Haploid_2025-07-10T21_30_03_22f3abc,a_kan_1_58_GGTGAGTAAT_AACATCTAGT,NexteraXT,IlluminaDNARNAUDISetABCDTagmentation
a_kan_1_59,HM_071125_Tn5 HOKO Haploid_2025-07-10T21_30_03_22f3abc,a_kan_1_59_GTTGCGTTCA_GTTGCAGTTG,NexteraXT,IlluminaDNARNAUDISetABCDTagmentation
a_kan_1_60,HM_071125_Tn5 HOKO Haploid_2025-07-10T21_30_03_22f3abc,a_kan_1_60_TGGTTCTCAT_CTCAAGGCCG,NexteraXT,IlluminaDNARNAUDISetABCDTagmentation
a_kan_1_61,HM_071125_Tn5 HOKO Haploid_2025-07-10T21_30_03_22f3abc,a_kan_1_61_AAGATACACG_TGTGCTAACA,NexteraXT,IlluminaDNARNAUDISetABCDTagmentation
a_kan_1_62,HM_071125_Tn5 HOKO Haploid_2025-07-10T21_30_03_22f3abc,a_kan_1_62_ATTGAGGTCC_CGGATTATAT,NexteraXT,IlluminaDNARNAUDISetABCDTagmentation
a_kan_1_63,HM_071125_Tn5 HOKO Haploid_2025-07-10T21_30_03_22f3abc,a_kan_1_63_CACCTCTCTT_CTCGACTCCT,NexteraXT,IlluminaDNARNAUDISetABCDTagmentation
a_kan_1_64,HM_071125_Tn5 HOKO Haploid_2025-07-10T21_30_03_22f3abc,a_kan_1_64_TGTGTTAGTA_TACTCTGTTA,NexteraXT,IlluminaDNARNAUDISetABCDTagmentation
a_kan_1_65,HM_071125_Tn5 HOKO Haploid_2025-07-10T21_30_03_22f3abc,a_kan_1_65_TGGATCTGGC_CAATGCTGAA,NexteraXT,IlluminaDNARNAUDISetABCDTagmentation
a_kan_1_66,HM_071125_Tn5 HOKO Haploid_2025-07-10T21_30_03_22f3abc,a_kan_1_66_AATGACTGGT_TCTCACGCGT,NexteraXT,IlluminaDNARNAUDISetABCDTagmentation
a_kan_1_67,HM_071125_Tn5 HOKO Haploid_2025-07-10T21_30_03_22f3abc,a_kan_1_67_CGAACGCACC_ATGACAGAAC,NexteraXT,IlluminaDNARNAUDISetABCDTagmentation
a_kan_1_68,HM_071125_Tn5 HOKO Haploid_2025-07-10T21_30_03_22f3abc,a_kan_1_68_GCCTAACGTG_AGCTCTCAAG,NexteraXT,IlluminaDNARNAUDISetABCDTagmentation
a_kan_1_69,HM_071125_Tn5 HOKO Haploid_2025-07-10T21_30_03_22f3abc,a_kan_1_69_TTACGCACCT_GCTCTCGTTG,NexteraXT,IlluminaDNARNAUDISetABCDTagmentation
a_kan_1_70,HM_071125_Tn5 HOKO Haploid_2025-07-10T21_30_03_22f3abc,a_kan_1_70_TACTCTGCGC_CCTTACTATG,NexteraXT,IlluminaDNARNAUDISetABCDTagmentation
a_kan_1_71,HM_071125_Tn5 HOKO Haploid_2025-07-10T21_30_03_22f3abc,a_kan_1_71_CTTCAACCAC_TTATGCGCCT,NexteraXT,IlluminaDNARNAUDISetABCDTagmentation
a_kan_1_72,HM_071125_Tn5 HOKO Haploid_2025-07-10T21_30_03_22f3abc,a_kan_1_72_TCAACCACGA_CAAGTTCATA,NexteraXT,IlluminaDNARNAUDISetABCDTagmentation
a_kan_1_73,HM_071125_Tn5 HOKO Haploid_2025-07-10T21_30_03_22f3abc,a_kan_1_73_TGCAATGAAT_CCAGAAGTAA,NexteraXT,IlluminaDNARNAUDISetABCDTagmentation
a_kan_1_74,HM_071125_Tn5 HOKO Haploid_2025-07-10T21_30_03_22f3abc,a_kan_1_74_GGAGAGACTC_TTGAAGCAGA,NexteraXT,IlluminaDNARNAUDISetABCDTagmentation
a_kan_1_75,HM_071125_Tn5 HOKO Haploid_2025-07-10T21_30_03_22f3abc,a_kan_1_75_TTCTCGTGCA_ATACACAGAG,NexteraXT,IlluminaDNARNAUDISetABCDTagmentation
a_kan_1_76,HM_071125_Tn5 HOKO Haploid_2025-07-10T21_30_03_22f3abc,a_kan_1_76_CAACGACCTA_GCGACTCGAT,NexteraXT,IlluminaDNARNAUDISetABCDTagmentation
a_kan_1_77,HM_071125_Tn5 HOKO Haploid_2025-07-10T21_30_03_22f3abc,a_kan_1_77_TTGAATCCAA_GTCACGGTGT,NexteraXT,IlluminaDNARNAUDISetABCDTagmentation
a_kan_1_78,HM_071125_Tn5 HOKO Haploid_2025-07-10T21_30_03_22f3abc,a_kan_1_78_ATGATTCCGG_CTCTGACGTG,NexteraXT,IlluminaDNARNAUDISetABCDTagmentation
a_kan_1_79,HM_071125_Tn5 HOKO Haploid_2025-07-10T21_30_03_22f3abc,a_kan_1_79_TCTTACGCCG_ATTCATTGCA,NexteraXT,IlluminaDNARNAUDISetABCDTagmentation
a_kan_1_80,HM_071125_Tn5 HOKO Haploid_2025-07-10T21_30_03_22f3abc,a_kan_1_80_ACTTACTTCA_TCTGGAATTA,NexteraXT,IlluminaDNARNAUDISetABCDTagmentation
a_kan_1_81,HM_071125_Tn5 HOKO Haploid_2025-07-10T21_30_03_22f3abc,a_kan_1_81_TCGTTGCTGC_GTCTCGTGAA,NexteraXT,IlluminaDNARNAUDISetABCDTagmentation
a_kan_1_82,HM_071125_Tn5 HOKO Haploid_2025-07-10T21_30_03_22f3abc,a_kan_1_82_AGGTATGGCG_GTGGCGAGAC,NexteraXT,IlluminaDNARNAUDISetABCDTagmentation
a_kan_1_83,HM_071125_Tn5 HOKO Haploid_2025-07-10T21_30_03_22f3abc,a_kan_1_83_TCTATTCAGT_TCTCAGTACA,NexteraXT,IlluminaDNARNAUDISetABCDTagmentation
a_kan_1_84,HM_071125_Tn5 HOKO Haploid_2025-07-10T21_30_03_22f3abc,a_kan_1_84_TATGAACTTG_AATCCTTAGG,NexteraXT,IlluminaDNARNAUDISetABCDTagmentation
a_kan_1_85,HM_071125_Tn5 HOKO Haploid_2025-07-10T21_30_03_22f3abc,a_kan_1_85_CTATGAAGGA_CTTATACCTG,NexteraXT,IlluminaDNARNAUDISetABCDTagmentation
a_kan_1_86,HM_071125_Tn5 HOKO Haploid_2025-07-10T21_30_03_22f3abc,a_kan_1_86_CCGCTCCGTT_TACGGCGAAG,NexteraXT,IlluminaDNARNAUDISetABCDTagmentation
a_kan_1_87,HM_071125_Tn5 HOKO Haploid_2025-07-10T21_30_03_22f3abc,a_kan_1_87_GCTAGGAAGT_TCTCGGACGA,NexteraXT,IlluminaDNARNAUDISetABCDTagmentation
a_kan_1_88,HM_071125_Tn5 HOKO Haploid_2025-07-10T21_30_03_22f3abc,a_kan_1_88_CGGTCGGCAT_CTAGGCAAGG,NexteraXT,IlluminaDNARNAUDISetABCDTagmentation
a_kan_1_89,HM_071125_Tn5 HOKO Haploid_2025-07-10T21_30_03_22f3abc,a_kan_1_89_CACGGCTAGT_GGTGTACAAG,NexteraXT,IlluminaDNARNAUDISetABCDTagmentation
a_kan_1_90,HM_071125_Tn5 HOKO Haploid_2025-07-10T21_30_03_22f3abc,a_kan_1_90_TTAGGCTCAA_TCGAATGGAA,NexteraXT,IlluminaDNARNAUDISetABCDTagmentation
a_kan_1_91,HM_071125_Tn5 HOKO Haploid_2025-07-10T21_30_03_22f3abc,a_kan_1_91_AGCTGATGTC_TCATGTCCTG,NexteraXT,IlluminaDNARNAUDISetABCDTagmentation
a_kan_1_92,HM_071125_Tn5 HOKO Haploid_2025-07-10T21_30_03_22f3abc,a_kan_1_92_CGCATTCCGT_ATTAGTGGAG,NexteraXT,IlluminaDNARNAUDISetABCDTagmentation
a_kan_1_93,HM_071125_Tn5 HOKO Haploid_2025-07-10T21_30_03_22f3abc,a_kan_1_93_CGACAAGGAT_AAGGCCACCT,NexteraXT,IlluminaDNARNAUDISetABCDTagmentation
a_kan_1_94,HM_071125_Tn5 HOKO Haploid_2025-07-10T21_30_03_22f3abc,a_kan_1_94_TCCAGCCTGC_GCCAGATCCA,NexteraXT,IlluminaDNARNAUDISetABCDTagmentation
a_kan_1_95,HM_071125_Tn5 HOKO Haploid_2025-07-10T21_30_03_22f3abc,a_kan_1_95_CAAGACGTCC_AGTATACGGA,NexteraXT,IlluminaDNARNAUDISetABCDTagmentation
a_kan_1_96,HM_071125_Tn5 HOKO Haploid_2025-07-10T21_30_03_22f3abc,a_kan_1_96_AGTGGTTAAG_GGTGGAATAC,NexteraXT,IlluminaDNARNAUDISetABCDTagmentation
